crop,x1,y1,x2,y2,conf,match_pct,ignored
frame_000001_fish_00.png,976,327,1015,389,0.8910,84.89,0
frame_000001_fish_01.png,521,412,557,505,0.8906,78.16,0
frame_000001_fish_02.png,657,421,716,504,0.8900,82.53,0
frame_000001_fish_03.png,533,0,614,98,0.7080,83.03,0
frame_000001_fish_04.png,472,415,505,503,0.5094,86.51,0
frame_000002_fish_00.png,731,519,814,563,0.8677,86.23,0
frame_000002_fish_01.png,967,378,1001,430,0.8614,81.84,0
frame_000002_fish_02.png,623,118,659,208,0.8120,80.67,0
frame_000002_fish_03.png,524,50,627,116,0.8076,83.78,0
frame_000002_fish_04.png,493,313,552,368,0.7309,90.55,0
frame_000002_fish_05.png,521,314,552,368,0.6651,89.13,0
frame_000003_fish_00.png,814,497,894,546,0.8815,86.16,0
frame_000003_fish_01.png,558,222,579,293,0.7900,90.83,0
frame_000004_fish_00.png,883,498,959,547,0.9055,72.35,0
frame_000004_fish_01.png,984,554,1023,618,0.8680,93.48,0
frame_000004_fish_02.png,548,53,617,141,0.7949,83.84,0
frame_000004_fish_03.png,1179,256,1197,318,0.7298,75.10,0
frame_000004_fish_04.png,548,53,618,181,0.5385,84.45,0
frame_000004_fish_05.png,568,135,620,188,0.3219,84.28,0
frame_000005_fish_00.png,747,128,888,193,0.9013,84.00,0
frame_000005_fish_01.png,1007,575,1082,669,0.8978,88.28,0
frame_000005_fish_02.png,914,602,980,648,0.8909,87.66,0
frame_000005_fish_03.png,1188,310,1234,385,0.8735,87.45,0
frame_000005_fish_04.png,555,80,588,135,0.4967,81.89,0
frame_000006_fish_00.png,867,623,924,674,0.8918,91.16,0
frame_000006_fish_01.png,1071,711,1097,768,0.8754,82.83,0
frame_000006_fish_02.png,1225,358,1272,438,0.8753,88.27,0
frame_000006_fish_03.png,1205,270,1237,333,0.8233,82.30,0
frame_000007_fish_00.png,1222,425,1263,503,0.8895,85.74,0
frame_000007_fish_01.png,912,731,1011,775,0.8847,80.10,0
frame_000007_fish_02.png,786,656,846,688,0.8761,86.56,0
frame_000007_fish_03.png,1194,340,1296,374,0.8304,87.75,0
frame_000007_fish_04.png,591,226,674,301,0.6358,90.16,0
frame_000007_fish_05.png,616,244,674,301,0.3787,85.32,0
frame_000008_fish_00.png,804,603,877,683,0.9139,81.68,0
frame_000008_fish_01.png,1259,315,1296,410,0.8910,83.21,0
frame_000008_fish_02.png,729,681,784,719,0.8876,82.30,0
frame_000008_fish_03.png,1158,532,1244,571,0.8624,86.75,0
frame_000009_fish_00.png,731,493,817,579,0.9124,88.46,0
frame_000009_fish_01.png,688,687,747,733,0.8910,89.49,0
frame_000009_fish_02.png,1091,505,1164,564,0.8863,93.14,0
frame_000009_fish_03.png,1257,326,1301,432,0.8717,88.23,0
frame_000009_fish_04.png,901,278,1000,375,0.8671,84.06,0
frame_000010_fish_00.png,640,695,717,725,0.8973,71.74,0
frame_000010_fish_01.png,1073,441,1123,519,0.8920,92.28,0
frame_000010_fish_02.png,703,474,747,506,0.8814,72.60,0
frame_000010_fish_03.png,1263,361,1317,449,0.8742,89.06,0
frame_000011_fish_00.png,633,678,684,739,0.8970,84.01,0
frame_000011_fish_01.png,681,494,739,575,0.8807,80.57,0
frame_000011_fish_02.png,1275,389,1323,475,0.8687,90.43,0
frame_000011_fish_03.png,1069,360,1095,437,0.8412,84.82,0
frame_000012_fish_00.png,613,688,683,725,0.9026,80.85,0
frame_000012_fish_01.png,1172,399,1252,461,0.9013,91.17,0
frame_000012_fish_02.png,740,600,826,667,0.8618,82.18,0
frame_000013_fish_00.png,608,672,650,724,0.8911,77.45,0
frame_000013_fish_01.png,841,653,932,715,0.8779,81.70,0
frame_000013_fish_02.png,713,109,814,173,0.8748,82.74,0
frame_000013_fish_03.png,1149,360,1218,391,0.8022,88.14,0
frame_000014_fish_00.png,608,654,641,713,0.9017,73.79,0
frame_000014_fish_01.png,785,122,885,206,0.8943,88.86,0
frame_000014_fish_02.png,970,673,1067,709,0.8850,81.50,0
frame_000014_fish_03.png,1105,329,1178,377,0.8832,86.43,0
frame_000014_fish_04.png,820,283,865,369,0.8745,89.29,0
frame_000015_fish_00.png,809,313,901,367,0.9073,91.13,0
frame_000015_fish_01.png,611,644,649,705,0.8823,76.66,0
frame_000015_fish_02.png,1069,665,1128,710,0.8520,86.18,0
frame_000015_fish_03.png,1107,300,1165,331,0.7047,84.85,0
frame_000015_fish_04.png,856,62,915,148,0.5704,88.90,0
frame_000016_fish_00.png,1075,606,1122,663,0.9035,79.82,0
frame_000016_fish_01.png,889,309,924,374,0.8963,74.86,0
frame_000016_fish_02.png,609,611,643,681,0.8636,81.78,0
frame_000017_fish_00.png,1002,572,1082,622,0.8760,80.73,0
frame_000017_fish_01.png,871,347,949,407,0.8742,88.06,0
frame_000017_fish_02.png,610,602,650,659,0.8722,78.90,0
frame_000017_fish_03.png,846,191,947,259,0.7675,84.49,0
frame_000018_fish_00.png,903,589,996,662,0.9067,85.03,0
frame_000018_fish_01.png,821,315,914,372,0.8762,91.02,0
frame_000018_fish_02.png,682,220,805,315,0.8681,86.04,0
frame_000018_fish_03.png,612,571,654,622,0.8613,76.89,0
frame_000018_fish_04.png,792,326,829,383,0.8596,88.10,0
frame_000019_fish_00.png,789,686,873,743,0.9035,82.98,0
frame_000019_fish_01.png,804,387,859,457,0.8828,93.04,0
frame_000019_fish_02.png,596,545,633,622,0.8792,76.37,0
frame_000020_fish_00.png,542,291,622,365,0.9094,82.92,0
frame_000020_fish_01.png,718,746,790,790,0.8739,82.48,0
frame_000020_fish_02.png,568,598,598,627,0.3124,85.65,0
frame_000021_fish_00.png,625,720,679,780,0.9063,81.06,0
frame_000021_fish_01.png,662,626,714,719,0.9035,78.73,0
frame_000021_fish_02.png,1123,282,1151,353,0.8329,80.95,0
frame_000021_fish_03.png,681,139,752,180,0.8005,86.90,0
frame_000022_fish_00.png,1108,305,1162,399,0.8932,89.25,0
frame_000022_fish_01.png,709,796,783,824,0.8866,87.03,0
frame_000022_fish_02.png,640,502,683,605,0.8849,83.62,0
frame_000022_fish_03.png,590,342,680,370,0.8041,83.87,0
frame_000022_fish_04.png,693,69,801,156,0.6404,84.71,0
frame_000023_fish_00.png,1112,331,1158,422,0.8751,86.32,0
frame_000023_fish_01.png,605,403,661,503,0.8735,85.44,0
frame_000023_fish_02.png,827,805,880,831,0.8599,86.71,0
frame_000023_fish_03.png,714,202,796,248,0.8470,83.06,0
frame_000023_fish_04.png,696,337,729,408,0.8382,86.45,0
frame_000024_fish_00.png,602,377,660,460,0.8990,84.65,0
frame_000024_fish_01.png,1141,372,1240,410,0.8519,88.10,0
frame_000024_fish_02.png,911,800,957,831,0.8073,89.27,0
frame_000024_fish_03.png,626,122,708,250,0.7443,85.22,0
frame_000024_fish_04.png,627,206,660,269,0.4213,83.67,0
frame_000025_fish_00.png,1197,357,1269,429,0.9053,92.60,0
frame_000025_fish_01.png,610,415,664,510,0.8538,87.84,0
frame_000025_fish_02.png,639,198,671,246,0.3009,84.53,0
frame_000026_fish_00.png,960,768,997,808,0.8812,88.75,0
frame_000026_fish_01.png,1120,385,1204,413,0.8497,86.82,0
frame_000026_fish_02.png,640,577,715,671,0.8329,83.67,0
frame_000027_fish_00.png,698,679,792,729,0.9051,77.40,0
frame_000027_fish_01.png,929,770,972,810,0.8989,88.25,0
frame_000027_fish_02.png,1098,369,1147,415,0.8519,83.08,0
frame_000028_fish_00.png,1062,317,1101,408,0.8992,79.07,0
frame_000028_fish_01.png,879,770,936,799,0.8785,79.86,0
frame_000028_fish_02.png,755,666,793,714,0.8734,79.74,0
frame_000029_fish_00.png,863,760,899,792,0.8822,79.46,0
frame_000029_fish_01.png,756,600,794,694,0.8692,72.11,0
frame_000029_fish_02.png,1091,242,1144,339,0.8446,83.63,0
frame_000030_fish_00.png,758,572,813,665,0.9075,75.88,0
frame_000030_fish_01.png,838,740,890,769,0.8906,78.02,0
frame_000030_fish_02.png,587,206,630,278,0.4312,92.05,0
frame_000031_fish_00.png,755,546,826,641,0.9025,83.74,0
frame_000031_fish_01.png,818,731,849,791,0.8859,90.08,0
frame_000031_fish_02.png,585,187,630,279,0.8631,89.36,0
frame_000031_fish_03.png,748,27,891,90,0.7205,87.61,0
frame_000032_fish_00.png,800,767,849,827,0.9065,82.69,0
frame_000032_fish_01.png,730,509,802,586,0.8923,84.33,0
frame_000032_fish_02.png,1102,280,1152,361,0.8915,84.59,0
frame_000032_fish_03.png,789,58,924,130,0.8317,85.69,0
frame_000033_fish_00.png,811,795,862,851,0.9046,86.57,0
frame_000033_fish_01.png,668,342,737,431,0.9009,90.52,0
frame_000033_fish_02.png,1122,319,1188,409,0.8885,88.45,0
frame_000033_fish_03.png,684,499,753,572,0.8795,81.87,0
frame_000033_fish_04.png,809,101,935,171,0.8190,83.36,0
frame_000034_fish_00.png,778,835,849,863,0.8992,87.29,0
frame_000034_fish_01.png,802,498,867,559,0.8960,92.51,0
frame_000034_fish_02.png,655,523,716,561,0.8542,80.20,0
frame_000034_fish_03.png,1176,346,1203,450,0.8429,85.10,0
frame_000035_fish_00.png,703,824,768,855,0.9065,90.22,0
frame_000035_fish_01.png,848,452,896,540,0.8791,84.11,0
frame_000035_fish_02.png,1114,396,1200,441,0.8673,89.59,0
frame_000035_fish_03.png,733,575,835,628,0.8653,79.90,0
frame_000036_fish_00.png,865,590,940,655,0.9077,83.35,0
frame_000036_fish_01.png,882,342,919,402,0.7913,88.70,0
frame_000036_fish_02.png,946,325,1006,371,0.4454,77.82,0
frame_000037_fish_00.png,1134,638,1218,713,0.9000,84.08,0
frame_000037_fish_01.png,708,794,738,832,0.8980,85.17,0
frame_000037_fish_02.png,912,578,988,665,0.8976,84.88,0
frame_000037_fish_03.png,855,205,942,246,0.8122,78.68,0
frame_000037_fish_04.png,573,701,596,731,0.4051,81.86,0
frame_000038_fish_00.png,988,721,1059,762,0.8985,84.66,0
frame_000038_fish_01.png,652,380,727,409,0.8861,84.84,0
frame_000038_fish_02.png,1226,671,1251,751,0.8832,82.16,0
frame_000038_fish_03.png,632,670,689,704,0.8791,79.74,0
frame_000038_fish_04.png,754,719,777,761,0.8760,78.60,0
frame_000039_fish_00.png,1217,592,1260,679,0.9202,83.92,0
frame_000039_fish_01.png,871,369,914,457,0.8868,85.56,0
frame_000039_fish_02.png,693,690,731,725,0.8865,78.58,0
frame_000039_fish_03.png,735,645,812,690,0.8815,74.09,0
frame_000039_fish_04.png,671,106,769,214,0.8333,87.36,0
frame_000039_fish_05.png,584,386,624,417,0.8302,88.16,0
frame_000039_fish_06.png,781,272,812,351,0.8213,86.09,0
frame_000039_fish_07.png,696,648,733,682,0.7005,80.82,0
frame_000040_fish_00.png,563,368,610,422,0.9045,82.50,0
frame_000040_fish_01.png,647,595,703,634,0.8953,73.49,0
frame_000040_fish_02.png,769,793,858,826,0.8894,68.93,0
frame_000040_fish_03.png,1211,549,1257,625,0.8749,84.35,0
frame_000040_fish_04.png,654,499,724,592,0.8749,92.12,0
frame_000040_fish_05.png,892,537,924,619,0.8678,84.48,0
frame_000040_fish_06.png,554,737,629,805,0.8595,81.40,0
frame_000041_fish_00.png,847,775,936,811,0.9035,74.09,0
frame_000041_fish_01.png,1191,519,1233,614,0.8885,85.44,0
frame_000041_fish_02.png,720,750,768,792,0.8727,84.73,0
frame_000041_fish_03.png,655,683,751,723,0.8699,76.40,0
frame_000041_fish_04.png,610,264,651,356,0.8691,80.64,0
frame_000041_fish_05.png,631,158,744,238,0.8620,82.95,0
frame_000041_fish_06.png,584,740,617,850,0.8378,84.82,0
frame_000041_fish_07.png,832,518,854,588,0.8297,88.49,0
frame_000042_fish_00.png,943,788,1017,822,0.9063,80.90,0
frame_000042_fish_01.png,830,619,880,714,0.9054,87.27,0
frame_000042_fish_02.png,1171,491,1229,575,0.9025,83.20,0
frame_000042_fish_03.png,692,618,757,715,0.8951,81.71,0
frame_000042_fish_04.png,592,736,686,802,0.8920,88.72,0
frame_000042_fish_05.png,633,137,711,249,0.8789,89.13,0
frame_000042_fish_06.png,877,498,971,526,0.8760,82.07,0
frame_000042_fish_07.png,560,250,630,283,0.8635,90.13,0
frame_000043_fish_00.png,1042,485,1112,566,0.8977,87.82,0
frame_000043_fish_01.png,717,551,784,609,0.8935,90.95,0
frame_000043_fish_02.png,965,408,1017,482,0.8930,87.24,0
frame_000043_fish_03.png,643,515,723,610,0.8921,84.72,0
frame_000043_fish_04.png,1152,475,1217,554,0.8898,87.58,0
frame_000043_fish_05.png,958,788,1014,838,0.8866,86.78,0
frame_000043_fish_06.png,595,203,674,279,0.8809,90.70,0
frame_000043_fish_07.png,599,55,698,186,0.7594,89.23,0
frame_000044_fish_00.png,1079,450,1173,488,0.8995,72.33,0
frame_000044_fish_01.png,911,718,960,793,0.8994,81.12,0
frame_000044_fish_02.png,1103,601,1177,664,0.8942,81.81,0
frame_000044_fish_03.png,993,330,1055,383,0.8883,89.83,0
frame_000044_fish_04.png,568,556,623,595,0.8728,77.36,0
frame_000044_fish_05.png,822,417,844,507,0.8347,90.97,0
frame_000044_fish_06.png,546,56,674,139,0.8141,83.45,0
frame_000044_fish_07.png,629,191,660,284,0.5648,86.88,0
frame_000045_fish_00.png,875,674,920,751,0.9051,79.94,0
frame_000045_fish_01.png,1030,357,1069,460,0.8857,78.60,0
frame_000045_fish_02.png,1125,672,1172,703,0.8781,82.85,0
frame_000045_fish_03.png,527,560,564,638,0.8774,87.40,0
frame_000045_fish_04.png,818,367,853,469,0.8711,90.91,0
frame_000045_fish_05.png,545,26,612,101,0.7262,84.96,0
frame_000045_fish_06.png,609,186,648,279,0.5307,88.23,0
frame_000045_fish_07.png,1029,291,1082,346,0.3415,86.25,0
frame_000046_fish_00.png,810,339,895,414,0.9122,90.90,0
frame_000046_fish_01.png,841,644,903,703,0.9030,79.35,0
frame_000046_fish_02.png,997,359,1092,414,0.9013,83.26,0
frame_000046_fish_03.png,551,598,626,688,0.8970,85.20,0
frame_000046_fish_04.png,1114,651,1141,716,0.8773,81.32,0
frame_000046_fish_05.png,591,200,642,278,0.4669,94.41,0
frame_000047_fish_00.png,638,673,704,740,0.9021,82.46,0
frame_000047_fish_01.png,1052,595,1104,678,0.9005,87.28,0
frame_000047_fish_02.png,825,649,877,696,0.8986,78.81,0
frame_000047_fish_03.png,905,346,992,407,0.8823,89.83,0
frame_000047_fish_04.png,872,456,967,501,0.8813,78.59,0
frame_000048_fish_00.png,1023,582,1107,635,0.8908,86.60,0
frame_000048_fish_01.png,687,696,714,758,0.8823,84.83,0
frame_000048_fish_02.png,704,505,812,543,0.8779,76.66,0
frame_000048_fish_03.png,841,657,867,696,0.8649,80.64,0
frame_000048_fish_04.png,961,349,1042,398,0.8623,87.73,0
frame_000048_fish_05.png,622,115,747,198,0.8239,85.17,0
frame_000049_fish_00.png,864,668,936,702,0.8941,76.00,0
frame_000049_fish_01.png,649,213,783,275,0.8856,84.06,0
frame_000049_fish_02.png,633,505,704,582,0.8680,79.91,0
frame_000049_fish_03.png,692,708,718,785,0.8479,84.09,0
frame_000049_fish_04.png,1062,559,1124,619,0.8346,88.69,0
frame_000049_fish_05.png,1006,337,1120,367,0.8008,83.69,0
frame_000049_fish_06.png,586,228,625,280,0.7162,88.23,0
frame_000050_fish_00.png,919,668,1003,714,0.8985,80.51,0
frame_000050_fish_01.png,687,731,757,814,0.8979,88.30,0
frame_000050_fish_02.png,1069,521,1128,578,0.8978,84.11,0
frame_000050_fish_03.png,583,422,647,528,0.8761,85.79,0
frame_000050_fish_04.png,1123,320,1189,393,0.8606,86.54,0
frame_000051_fish_00.png,982,640,1047,688,0.9092,85.23,0
frame_000051_fish_01.png,1014,509,1074,558,0.8989,86.65,0
frame_000051_fish_02.png,723,132,848,195,0.8796,83.82,0
frame_000051_fish_03.png,722,746,814,812,0.8628,83.58,0
frame_000051_fish_04.png,1197,352,1224,455,0.8500,84.88,0
frame_000051_fish_05.png,579,350,611,400,0.8472,88.39,0
frame_000051_fish_06.png,586,244,630,320,0.4873,79.08,0
frame_000052_fish_00.png,717,743,817,803,0.9147,81.50,0
frame_000052_fish_01.png,973,644,1039,681,0.9058,80.34,0
frame_000052_fish_02.png,1184,397,1260,478,0.9044,90.02,0
frame_000052_fish_03.png,1018,466,1111,511,0.8941,84.92,0
frame_000052_fish_04.png,639,361,706,394,0.8766,88.77,0
frame_000052_fish_05.png,693,202,799,253,0.8266,82.61,0
frame_000052_fish_06.png,592,258,624,358,0.6835,82.92,0
frame_000053_fish_00.png,897,627,970,691,0.8985,81.73,0
frame_000053_fish_01.png,662,286,728,350,0.8940,91.17,0
frame_000053_fish_02.png,628,117,704,248,0.8934,87.01,0
frame_000053_fish_03.png,1104,413,1153,497,0.8916,90.74,0
frame_000053_fish_04.png,1171,434,1213,526,0.8777,89.82,0
frame_000053_fish_05.png,644,736,711,779,0.8405,86.64,0
frame_000053_fish_06.png,641,717,758,790,0.6085,94.43,0
frame_000053_fish_07.png,642,731,756,782,0.4542,92.55,0
frame_000054_fish_00.png,594,289,657,348,0.9071,85.76,0
frame_000054_fish_01.png,1108,295,1192,364,0.8918,90.53,0
frame_000054_fish_02.png,1146,489,1213,556,0.8893,92.25,0
frame_000054_fish_03.png,596,396,638,461,0.8837,86.56,0
frame_000054_fish_04.png,632,776,696,820,0.8818,76.72,0
frame_000054_fish_05.png,1129,377,1157,472,0.8767,79.96,0
frame_000054_fish_06.png,857,614,903,670,0.8761,82.49,0
frame_000055_fish_00.png,761,774,854,838,0.9052,84.32,0
frame_000055_fish_01.png,1097,314,1172,378,0.8921,87.82,0
frame_000055_fish_02.png,846,633,910,670,0.8703,74.48,0
frame_000055_fish_03.png,1126,422,1153,519,0.8703,85.35,0
frame_000055_fish_04.png,636,455,690,491,0.8529,86.08,0
frame_000055_fish_05.png,593,270,628,342,0.8374,75.80,0
frame_000055_fish_06.png,1152,348,1181,445,0.8371,78.10,0
frame_000056_fish_00.png,827,671,893,772,0.9188,79.69,0
frame_000056_fish_01.png,970,669,1056,703,0.8916,82.76,0
frame_000056_fish_02.png,1162,352,1224,401,0.8834,79.18,0
frame_000056_fish_03.png,665,462,700,499,0.8611,80.79,0
frame_000056_fish_04.png,1157,415,1254,451,0.8457,87.54,0
frame_000056_fish_05.png,606,211,651,296,0.8170,90.12,0
frame_000056_fish_06.png,1104,325,1157,356,0.7531,80.91,0
frame_000057_fish_00.png,1094,723,1172,755,0.8918,74.19,0
frame_000057_fish_01.png,623,488,721,533,0.8893,74.20,0
frame_000057_fish_02.png,678,600,787,634,0.8746,74.50,0
frame_000057_fish_03.png,1113,266,1165,348,0.8728,79.83,0
frame_000057_fish_04.png,1209,342,1252,412,0.8705,79.75,0
frame_000057_fish_05.png,1244,409,1285,501,0.8651,77.07,0
frame_000057_fish_06.png,589,157,652,279,0.6957,92.82,0
frame_000058_fish_00.png,1173,716,1238,779,0.9237,84.00,0
frame_000058_fish_01.png,1237,462,1275,519,0.8868,79.42,0
frame_000058_fish_02.png,623,463,700,571,0.8824,85.34,0
frame_000058_fish_03.png,541,575,584,634,0.8480,86.11,0
frame_000058_fish_04.png,1124,360,1223,384,0.8473,83.03,0
frame_000059_fish_00.png,1210,667,1247,740,0.8970,83.54,0
frame_000059_fish_01.png,1074,384,1121,477,0.8869,89.07,0
frame_000059_fish_02.png,626,411,670,524,0.8849,81.59,0
frame_000059_fish_03.png,541,567,568,619,0.8819,86.86,0
frame_000059_fish_04.png,1180,368,1219,468,0.8746,88.98,0
frame_000059_fish_05.png,1140,436,1177,504,0.8414,80.23,0
frame_000060_fish_00.png,1192,482,1238,582,0.8987,93.26,0
frame_000060_fish_01.png,1111,671,1196,701,0.8968,73.04,0
frame_000060_fish_02.png,630,377,671,494,0.8844,82.94,0
frame_000060_fish_03.png,1047,492,1079,587,0.8793,79.57,0
frame_000060_fish_04.png,565,542,611,601,0.8776,93.32,0
frame_000060_fish_05.png,1088,388,1192,413,0.8714,82.32,0
frame_000060_fish_06.png,692,287,727,332,0.7345,89.81,0
frame_000061_fish_00.png,1043,676,1097,720,0.9042,80.07,0
frame_000061_fish_01.png,625,362,678,451,0.8945,90.36,0
frame_000061_fish_02.png,1024,357,1081,447,0.8889,91.14,0
frame_000061_fish_03.png,1030,608,1098,680,0.8879,85.14,0
frame_000061_fish_04.png,1144,582,1233,628,0.8779,87.82,0
frame_000061_fish_05.png,565,424,595,503,0.8467,87.27,0
frame_000061_fish_06.png,716,321,745,416,0.8214,86.39,0
frame_000061_fish_07.png,566,430,676,604,0.4378,96.37,1
frame_000062_fish_00.png,1046,689,1101,739,0.9073,85.62,0
frame_000062_fish_01.png,991,602,1033,681,0.9062,82.48,0
frame_000062_fish_02.png,622,356,713,438,0.8989,87.38,0
frame_000062_fish_03.png,1075,468,1135,520,0.8960,83.75,0
frame_000062_fish_04.png,1010,371,1055,464,0.8822,89.06,0
frame_000062_fish_05.png,718,326,758,414,0.8638,87.99,0
frame_000062_fish_06.png,567,304,590,398,0.7926,83.50,0
frame_000063_fish_00.png,977,556,1023,631,0.9032,78.45,0
frame_000063_fish_01.png,1070,725,1105,770,0.8823,84.47,0
frame_000063_fish_02.png,1063,349,1104,437,0.8659,89.90,0
frame_000063_fish_03.png,707,492,809,564,0.8653,87.37,0
frame_000063_fish_04.png,722,326,754,408,0.7651,88.28,0
frame_000063_fish_05.png,1013,373,1035,466,0.4899,82.61,0
frame_000064_fish_00.png,982,514,1050,567,0.9022,83.96,0
frame_000064_fish_01.png,995,370,1036,463,0.8962,87.06,0
frame_000064_fish_02.png,1031,687,1071,738,0.8891,84.17,0
frame_000064_fish_03.png,812,572,918,611,0.8745,71.10,0
frame_000064_fish_04.png,1079,277,1124,370,0.8734,87.58,0
frame_000064_fish_05.png,722,336,754,394,0.7706,91.44,0
frame_000065_fish_00.png,1011,627,1067,704,0.9074,87.32,0
frame_000065_fish_01.png,978,388,1048,466,0.8986,90.06,0
frame_000065_fish_02.png,1061,493,1144,536,0.8973,80.23,0
frame_000065_fish_03.png,883,576,983,635,0.8899,79.14,0
frame_000066_fish_00.png,970,585,1070,664,0.8913,84.72,0
frame_000066_fish_01.png,1135,486,1207,529,0.8833,82.68,0
frame_000066_fish_02.png,1031,399,1123,428,0.8586,83.86,0
frame_000066_fish_03.png,707,102,820,174,0.8252,84.37,0
frame_000066_fish_04.png,571,112,600,196,0.3123,81.40,0
frame_000067_fish_00.png,1051,672,1114,739,0.9096,82.31,0
frame_000067_fish_01.png,1119,367,1202,413,0.8746,87.22,0
frame_000067_fish_02.png,1036,629,1105,676,0.8736,82.58,0
frame_000067_fish_03.png,751,422,799,465,0.8013,92.61,0
frame_000067_fish_04.png,569,112,599,197,0.7165,81.29,0
frame_000067_fish_05.png,717,78,846,144,0.4312,82.64,0
frame_000068_fish_00.png,1083,656,1131,721,0.8978,80.12,0
frame_000068_fish_01.png,1112,550,1195,580,0.8956,75.19,0
frame_000068_fish_02.png,1069,744,1118,786,0.8876,81.86,0
frame_000068_fish_03.png,758,92,864,183,0.8793,87.33,0
frame_000068_fish_04.png,1149,400,1256,440,0.8758,82.02,0
frame_000068_fish_05.png,774,413,821,485,0.8531,95.12,0
frame_000068_fish_06.png,568,113,599,198,0.6234,82.05,0
frame_000069_fish_00.png,1078,688,1136,755,0.9088,84.51,0
frame_000069_fish_01.png,925,738,1018,776,0.8911,77.76,0
frame_000069_fish_02.png,1231,418,1266,513,0.8806,85.53,0
frame_000069_fish_03.png,1055,572,1085,608,0.8313,83.53,0
frame_000069_fish_04.png,809,454,849,501,0.8229,93.24,0
frame_000069_fish_05.png,568,114,599,199,0.8061,81.66,0
frame_000069_fish_06.png,769,161,882,223,0.6839,85.26,0
frame_000070_fish_00.png,810,680,892,758,0.9142,82.10,0
frame_000070_fish_01.png,1109,288,1168,370,0.9086,85.77,0
frame_000070_fish_02.png,1069,706,1136,773,0.8984,86.59,0
frame_000070_fish_03.png,1209,491,1253,593,0.8958,84.21,0
frame_000070_fish_04.png,1040,565,1118,608,0.8914,79.19,0
frame_000070_fish_05.png,818,442,910,515,0.8909,85.53,0
frame_000070_fish_06.png,568,113,599,201,0.7332,82.16,0
frame_000071_fish_00.png,1175,574,1249,654,0.9203,89.80,0
frame_000071_fish_01.png,746,571,821,640,0.9091,81.00,0
frame_000071_fish_02.png,1099,557,1173,606,0.9071,78.48,0
frame_000071_fish_03.png,957,302,1057,350,0.8891,76.96,0
frame_000071_fish_04.png,1224,327,1269,382,0.8839,76.83,0
frame_000071_fish_05.png,873,402,911,446,0.8489,86.18,0
frame_000071_fish_06.png,1097,710,1126,758,0.8124,87.33,0
frame_000071_fish_07.png,568,113,598,200,0.7578,81.32,0
frame_000072_fish_00.png,1149,605,1230,681,0.9150,90.64,0
frame_000072_fish_01.png,1076,271,1154,355,0.8988,87.34,0
frame_000072_fish_02.png,1194,506,1275,554,0.8978,84.25,0
frame_000072_fish_03.png,690,473,756,561,0.8964,84.05,0
frame_000072_fish_04.png,1175,308,1251,374,0.8943,84.06,0
frame_000072_fish_05.png,789,370,865,417,0.8923,85.08,0
frame_000072_fish_06.png,1093,673,1127,708,0.8631,79.31,0
frame_000072_fish_07.png,569,112,598,200,0.7555,80.62,0
frame_000073_fish_00.png,1171,605,1254,668,0.9099,85.06,0
frame_000073_fish_01.png,1280,466,1345,517,0.8933,82.49,0
frame_000073_fish_02.png,619,369,668,456,0.8786,84.32,0
frame_000073_fish_03.png,1109,599,1167,663,0.8691,91.97,0
frame_000073_fish_04.png,677,383,767,420,0.8535,84.50,0
frame_000073_fish_05.png,1143,321,1237,355,0.8063,80.35,0
frame_000073_fish_06.png,1093,272,1197,330,0.7876,75.17,0
frame_000073_fish_07.png,1094,272,1219,352,0.7123,80.38,0
frame_000073_fish_08.png,569,113,599,200,0.6554,81.42,0
frame_000073_fish_09.png,1137,288,1237,355,0.3962,79.75,0
frame_000074_fish_00.png,1239,491,1277,594,0.8952,79.50,0
frame_000074_fish_01.png,636,339,675,437,0.8926,79.77,0
frame_000074_fish_02.png,1307,433,1353,490,0.8713,82.29,0
frame_000074_fish_03.png,1109,295,1194,331,0.8643,84.71,0
frame_000074_fish_04.png,605,309,640,380,0.8501,77.16,0
frame_000074_fish_05.png,1066,553,1142,600,0.8299,92.68,0
frame_000074_fish_06.png,569,113,599,199,0.7601,80.53,0
frame_000075_fish_00.png,1295,418,1351,480,0.9051,83.10,0
frame_000075_fish_01.png,629,344,712,415,0.8967,87.49,0
frame_000075_fish_02.png,1236,342,1285,448,0.8779,84.71,0
frame_000075_fish_03.png,1018,450,1047,539,0.8512,90.06,0
frame_000075_fish_04.png,597,254,627,330,0.6308,84.64,0
frame_000076_fish_00.png,1225,316,1284,418,0.8996,88.12,0
frame_000076_fish_01.png,1296,408,1368,459,0.8937,81.57,0
frame_000076_fish_02.png,679,356,744,399,0.8892,82.03,0
frame_000076_fish_03.png,1041,323,1077,411,0.8800,88.61,0
frame_000076_fish_04.png,587,227,643,282,0.8766,91.60,0
frame_000076_fish_05.png,1121,278,1169,320,0.8678,82.33,0
frame_000076_fish_06.png,571,110,599,195,0.6801,79.54,0
frame_000077_fish_00.png,667,337,751,402,0.8924,87.21,0
frame_000077_fish_01.png,1311,382,1377,435,0.8826,87.51,0
frame_000077_fish_02.png,619,177,707,241,0.8726,88.70,0
frame_000077_fish_03.png,1202,307,1302,377,0.8640,91.46,0
frame_000077_fish_04.png,570,110,599,198,0.8599,80.13,0
frame_000078_fish_00.png,812,131,928,203,0.8682,89.50,0
frame_000078_fish_01.png,1196,315,1227,429,0.8681,81.14,0
frame_000078_fish_02.png,568,116,604,174,0.8672,78.31,0
frame_000078_fish_03.png,689,338,741,383,0.8379,90.14,0
frame_000078_fish_04.png,1333,350,1365,405,0.8017,88.64,0
frame_000078_fish_05.png,709,199,780,268,0.7783,88.84,0
frame_000079_fish_00.png,808,715,883,764,0.9066,82.67,0
frame_000079_fish_01.png,671,336,739,408,0.9025,87.31,0
frame_000079_fish_02.png,1168,457,1284,548,0.8875,91.04,0
frame_000079_fish_03.png,1219,615,1281,644,0.8533,82.43,0
frame_000079_fish_04.png,1305,309,1348,356,0.8160,87.34,0
frame_000080_fish_00.png,1128,563,1167,653,0.8918,83.77,0
frame_000080_fish_01.png,765,758,811,796,0.8774,88.12,0
frame_000080_fish_02.png,660,316,703,351,0.8730,82.86,0
frame_000080_fish_03.png,1107,275,1159,328,0.8668,81.00,0
frame_000081_fish_00.png,646,330,725,377,0.8885,85.09,0
frame_000081_fish_01.png,709,735,756,791,0.8709,91.73,0
frame_000081_fish_02.png,1140,264,1172,349,0.8599,77.60,0
frame_000081_fish_03.png,1023,527,1118,562,0.7874,89.53,0
frame_000082_fish_00.png,1125,275,1192,327,0.8896,81.86,0
frame_000082_fish_01.png,697,665,720,703,0.8614,75.32,0
frame_000082_fish_02.png,960,556,985,648,0.8063,84.33,0
frame_000082_fish_03.png,896,310,927,342,0.4917,75.81,0
frame_000083_fish_00.png,959,660,1019,748,0.8882,89.49,0
frame_000083_fish_01.png,889,357,975,399,0.8726,78.35,0
frame_000083_fish_02.png,705,301,740,363,0.8550,89.89,0
frame_000083_fish_03.png,690,606,718,646,0.8242,87.14,0
frame_000083_fish_04.png,1120,266,1192,317,0.4465,86.51,0
frame_000084_fish_00.png,1144,286,1197,384,0.9009,88.76,0
frame_000084_fish_01.png,993,747,1061,810,0.8972,85.72,0
frame_000084_fish_02.png,680,599,734,630,0.8897,75.35,0
frame_000084_fish_03.png,935,375,1021,420,0.8777,82.25,0
frame_000084_fish_04.png,718,292,744,381,0.7765,84.80,0
frame_000085_fish_00.png,997,800,1102,847,0.8908,82.01,0
frame_000085_fish_01.png,699,574,767,623,0.8764,82.92,0
frame_000085_fish_02.png,1001,344,1081,389,0.8756,82.66,0
frame_000085_fish_03.png,1185,330,1218,422,0.8747,87.81,0
frame_000086_fish_00.png,1087,721,1144,828,0.9018,91.97,0
frame_000086_fish_01.png,1159,404,1215,495,0.8931,91.34,0
frame_000086_fish_02.png,1061,358,1138,391,0.8766,76.07,0
frame_000086_fish_03.png,748,559,850,608,0.8757,78.12,0
frame_000086_fish_04.png,711,375,741,406,0.3099,90.40,0
frame_000087_fish_00.png,1131,630,1167,734,0.8993,85.72,0
frame_000087_fish_01.png,1088,403,1144,494,0.8810,89.21,0
frame_000087_fish_02.png,858,586,930,666,0.8785,80.70,0
frame_000087_fish_03.png,1120,386,1194,435,0.8702,82.93,0
frame_000087_fish_04.png,742,369,789,415,0.8679,81.73,0
frame_000088_fish_00.png,814,374,912,440,0.8991,87.94,0
frame_000088_fish_01.png,895,708,993,749,0.8962,73.13,0
frame_000088_fish_02.png,1241,449,1313,508,0.8935,85.21,0
frame_000088_fish_03.png,1119,587,1205,640,0.8850,91.58,0
frame_000088_fish_04.png,1113,353,1198,391,0.8830,81.23,0
frame_000089_fish_00.png,1199,589,1282,646,0.9046,86.48,0
frame_000089_fish_01.png,873,413,964,460,0.8958,76.73,0
frame_000089_fish_02.png,1047,741,1150,778,0.8886,71.73,0
frame_000089_fish_03.png,1175,344,1264,386,0.8604,85.64,0
frame_000089_fish_04.png,1347,607,1375,651,0.8327,85.51,0
frame_000090_fish_00.png,1290,579,1332,643,0.8901,85.82,0
frame_000090_fish_01.png,888,394,962,436,0.8794,79.52,0
frame_000090_fish_02.png,1225,376,1294,463,0.8717,91.26,0
frame_000090_fish_03.png,1300,818,1414,865,0.8424,79.34,0
frame_000090_fish_04.png,1337,747,1370,821,0.7848,90.97,0
frame_000091_fish_00.png,1267,577,1326,610,0.8726,75.27,0
frame_000091_fish_01.png,1336,781,1397,920,0.8724,79.63,0
frame_000091_fish_02.png,872,401,923,445,0.8615,79.95,0
frame_000091_fish_03.png,1174,468,1199,559,0.5213,87.75,0
frame_000092_fish_00.png,1324,717,1388,815,0.9109,86.22,0
frame_000092_fish_01.png,1236,648,1290,744,0.9014,90.84,0
frame_000092_fish_02.png,1329,884,1390,961,0.8969,93.24,0
frame_000092_fish_03.png,887,385,943,446,0.8932,86.29,0
frame_000092_fish_04.png,1226,582,1273,630,0.8864,86.31,0
frame_000093_fish_00.png,1344,706,1391,772,0.8796,83.97,0
frame_000093_fish_01.png,1321,752,1384,846,0.8751,87.71,0
frame_000093_fish_02.png,919,384,979,436,0.8739,82.63,0
frame_000093_fish_03.png,737,118,854,178,0.8728,85.83,0
frame_000093_fish_04.png,1290,782,1346,867,0.8707,81.28,0
frame_000093_fish_05.png,1226,569,1250,628,0.8095,88.57,0
frame_000094_fish_00.png,1234,535,1288,597,0.9086,81.37,0
frame_000094_fish_01.png,1220,714,1311,774,0.8990,85.84,0
frame_000094_fish_02.png,951,356,1038,395,0.8527,78.70,0
frame_000094_fish_03.png,1257,612,1301,688,0.8446,89.10,0
frame_000095_fish_00.png,1281,817,1331,889,0.9010,87.04,0
frame_000095_fish_01.png,1091,802,1199,840,0.8873,73.37,0
frame_000095_fish_02.png,1182,491,1248,574,0.8856,91.02,0
frame_000095_fish_03.png,1255,491,1314,540,0.8850,80.93,0
frame_000095_fish_04.png,999,350,1075,391,0.8764,81.76,0
frame_000095_fish_05.png,590,118,737,190,0.7696,86.31,0
frame_000096_fish_00.png,1201,388,1254,478,0.8950,89.74,0
frame_000096_fish_01.png,1265,462,1338,513,0.8937,81.62,0
frame_000096_fish_02.png,889,751,991,809,0.8885,81.27,0
frame_000096_fish_03.png,1168,657,1196,758,0.8442,87.86,0
frame_000096_fish_04.png,600,114,743,202,0.7886,87.29,0
frame_000096_fish_05.png,1099,329,1135,370,0.6026,81.32,0
frame_000097_fish_00.png,774,640,851,734,0.9243,83.01,0
frame_000097_fish_01.png,1291,440,1328,497,0.8863,83.48,0
frame_000097_fish_02.png,993,332,1079,376,0.8806,85.11,0
frame_000097_fish_03.png,1243,322,1279,419,0.8790,86.79,0
frame_000097_fish_04.png,1075,466,1112,547,0.8749,88.00,0
frame_000097_fish_05.png,598,106,747,189,0.7030,86.88,0
frame_000098_fish_00.png,695,528,770,603,0.8985,81.04,0
frame_000098_fish_01.png,1085,339,1120,430,0.8833,88.43,0
frame_000098_fish_02.png,818,350,919,390,0.8805,85.06,0
frame_000098_fish_03.png,1253,324,1297,418,0.8771,88.23,0
frame_000098_fish_04.png,1275,419,1320,468,0.8611,85.39,0
frame_000098_fish_05.png,609,105,755,183,0.8170,85.92,0
frame_000099_fish_00.png,639,457,710,524,0.9076,83.57,0
frame_000099_fish_01.png,754,341,834,406,0.9046,89.41,0
frame_000099_fish_02.png,1084,315,1131,386,0.9007,84.03,0
frame_000099_fish_03.png,1262,413,1315,464,0.8835,83.30,0
frame_000099_fish_04.png,1226,335,1281,416,0.8558,90.40,0
frame_000099_fish_05.png,621,120,767,181,0.3688,83.45,0
frame_000100_fish_00.png,560,418,609,484,0.8787,84.92,0
frame_000100_fish_01.png,1194,385,1275,448,0.8738,90.75,0
frame_000100_fish_02.png,1277,405,1325,456,0.8634,81.21,0
frame_000100_fish_03.png,741,358,776,407,0.8073,89.45,0
frame_000100_fish_04.png,1073,300,1143,347,0.8006,88.70,0
frame_000100_fish_05.png,660,123,785,199,0.7396,86.21,0
frame_000101_fish_00.png,560,340,595,403,0.8893,78.96,0
frame_000101_fish_01.png,1137,400,1234,442,0.8810,88.82,0
frame_000101_fish_02.png,739,356,834,396,0.8655,83.21,0
frame_000101_fish_03.png,1281,402,1320,458,0.8569,85.70,0
frame_000101_fish_04.png,1049,288,1090,361,0.6399,85.06,0
frame_000102_fish_00.png,1260,392,1336,451,0.8860,84.73,0
frame_000102_fish_01.png,777,358,863,400,0.8812,85.34,0
frame_000102_fish_02.png,1121,357,1174,458,0.8714,89.61,0
frame_000102_fish_03.png,592,325,636,375,0.8637,86.40,0
frame_000102_fish_04.png,1042,342,1145,371,0.8512,85.94,0
frame_000103_fish_00.png,1239,378,1296,447,0.9021,85.26,0
frame_000103_fish_01.png,655,434,731,500,0.8983,82.63,0
frame_000103_fish_02.png,1130,380,1159,484,0.8804,80.62,0
frame_000103_fish_03.png,1114,307,1218,348,0.8708,87.85,0
frame_000103_fish_04.png,852,376,924,436,0.8573,86.17,0
frame_000104_fish_00.png,936,427,1004,492,0.8940,83.16,0
frame_000104_fish_01.png,740,540,822,621,0.8885,84.23,0
frame_000104_fish_02.png,1203,307,1288,447,0.8795,90.51,0
frame_000104_fish_03.png,1136,398,1180,486,0.8707,80.50,0
frame_000104_fish_04.png,695,81,801,144,0.3043,87.96,0
frame_000105_fish_00.png,825,642,920,709,0.8950,79.66,0
frame_000105_fish_01.png,1049,518,1097,594,0.8724,91.73,0
frame_000105_fish_02.png,712,89,819,145,0.8201,85.22,0
frame_000105_fish_03.png,1172,365,1269,461,0.8122,90.79,0
frame_000105_fish_04.png,1229,362,1270,420,0.5817,86.73,0
frame_000105_fish_05.png,1175,394,1271,461,0.5253,89.63,0
frame_000106_fish_00.png,1100,540,1181,603,0.9066,86.86,0
frame_000106_fish_01.png,1230,383,1311,464,0.9031,83.02,0
frame_000106_fish_02.png,912,707,1010,782,0.8933,85.18,0
frame_000106_fish_03.png,1177,375,1231,410,0.8703,77.32,0
frame_000106_fish_04.png,1126,423,1209,470,0.8647,93.82,0
frame_000106_fish_05.png,731,87,856,136,0.8499,85.32,0
frame_000107_fish_00.png,1130,505,1205,581,0.9053,89.70,0
frame_000107_fish_01.png,740,84,864,145,0.8870,89.72,0
frame_000107_fish_02.png,1074,428,1158,469,0.8855,89.46,0
frame_000107_fish_03.png,1000,743,1088,786,0.8830,83.45,0
frame_000107_fish_04.png,1241,317,1324,370,0.8671,88.16,0
frame_000107_fish_05.png,1293,363,1334,418,0.8287,79.49,0
frame_000108_fish_00.png,1055,715,1103,780,0.9000,81.78,0
frame_000108_fish_01.png,1048,425,1120,466,0.8964,85.08,0
frame_000108_fish_02.png,745,84,860,143,0.8877,87.42,0
frame_000108_fish_03.png,1215,335,1317,385,0.8692,86.36,0
frame_000108_fish_04.png,1280,290,1363,332,0.8354,91.67,0
frame_000108_fish_05.png,1173,466,1197,542,0.8052,88.00,0
frame_000109_fish_00.png,1076,402,1146,451,0.9066,81.74,0
frame_000109_fish_01.png,1037,666,1067,752,0.8872,86.48,0
frame_000109_fish_02.png,747,80,860,143,0.8733,88.87,0
frame_000109_fish_03.png,1343,287,1380,325,0.8552,90.65,0
frame_000109_fish_04.png,1066,461,1151,490,0.8331,81.62,0
frame_000109_fish_05.png,1192,346,1230,404,0.7772,78.49,0
frame_000110_fish_00.png,927,658,1034,720,0.8988,81.71,0
frame_000110_fish_01.png,1340,317,1392,374,0.8918,89.41,0
frame_000110_fish_02.png,754,78,863,146,0.8901,89.53,0
frame_000110_fish_03.png,905,347,952,424,0.8809,89.95,0
frame_000110_fish_04.png,1092,395,1197,470,0.8807,85.06,0
frame_000110_fish_05.png,1232,465,1345,516,0.8753,82.07,0
frame_000111_fish_00.png,802,678,899,716,0.9053,70.31,0
frame_000111_fish_01.png,969,424,1055,473,0.8854,88.40,0
frame_000111_fish_02.png,753,80,862,146,0.8780,89.62,0
frame_000111_fish_03.png,838,302,913,350,0.8734,92.07,0
frame_000111_fish_04.png,1266,413,1315,470,0.8602,89.99,0
frame_000111_fish_05.png,1391,457,1418,548,0.5625,89.89,0
frame_000112_fish_00.png,921,378,1011,412,0.8980,84.44,0
frame_000112_fish_01.png,811,277,882,343,0.8857,93.25,0
frame_000112_fish_02.png,754,80,861,145,0.8840,89.86,0
frame_000112_fish_03.png,706,733,793,784,0.8785,81.04,0
frame_000112_fish_04.png,1197,464,1296,522,0.8727,81.25,0
frame_000113_fish_00.png,839,295,914,362,0.8846,90.69,0
frame_000113_fish_01.png,1095,296,1167,364,0.8842,86.28,0
frame_000113_fish_02.png,756,77,857,143,0.8713,90.15,0
frame_000113_fish_03.png,1237,515,1309,549,0.8703,79.06,0
frame_000113_fish_04.png,661,735,720,774,0.8668,78.00,0
frame_000113_fish_05.png,901,380,954,484,0.7704,83.83,0
frame_000113_fish_06.png,900,460,1011,494,0.7165,81.80,0
frame_000113_fish_07.png,900,381,1006,490,0.5952,89.07,0
frame_000113_fish_08.png,901,437,1009,493,0.4281,84.61,0
frame_000114_fish_00.png,1269,544,1338,577,0.8869,78.87,0
frame_000114_fish_01.png,1188,395,1257,476,0.8855,89.35,0
frame_000114_fish_02.png,956,489,1015,586,0.8828,92.76,0
frame_000114_fish_03.png,768,87,857,140,0.8776,88.86,0
frame_000114_fish_04.png,636,725,669,760,0.8749,81.00,0
frame_000114_fish_05.png,880,338,926,426,0.8680,88.52,0
frame_000114_fish_06.png,789,519,814,617,0.8250,87.33,0
frame_000115_fish_00.png,796,695,873,757,0.9099,82.93,0
frame_000115_fish_01.png,1018,594,1069,690,0.8995,91.78,0
frame_000115_fish_02.png,620,702,658,748,0.8887,73.35,0
frame_000115_fish_03.png,878,440,912,511,0.8838,74.72,0
frame_000115_fish_04.png,756,82,859,140,0.8711,89.15,0
frame_000115_fish_05.png,1268,508,1350,626,0.8363,86.52,0
frame_000116_fish_00.png,631,722,703,791,0.9035,82.93,0
frame_000116_fish_01.png,1027,670,1102,751,0.9015,92.43,0
frame_000116_fish_02.png,1285,635,1374,693,0.8993,80.28,0
frame_000116_fish_03.png,827,522,870,606,0.8794,84.44,0
frame_000116_fish_04.png,748,740,829,779,0.8750,84.80,0
frame_000116_fish_05.png,762,75,858,140,0.8377,88.86,0
frame_000117_fish_00.png,1264,741,1306,790,0.8959,80.22,0
frame_000117_fish_01.png,1284,649,1364,691,0.8928,78.16,0
frame_000117_fish_02.png,687,788,770,825,0.8742,85.77,0
frame_000117_fish_03.png,1055,729,1154,766,0.8612,81.31,0
frame_000117_fish_04.png,761,75,858,140,0.8366,88.93,0
frame_000117_fish_05.png,558,813,666,873,0.8297,93.94,0
frame_000117_fish_06.png,700,640,752,665,0.7004,83.32,0
frame_000118_fish_00.png,537,848,586,906,0.8968,93.02,0
frame_000118_fish_01.png,1224,833,1272,871,0.8896,74.31,0
frame_000118_fish_02.png,1101,720,1201,754,0.8832,77.17,0
frame_000118_fish_03.png,670,585,721,656,0.8817,86.89,0
frame_000118_fish_04.png,1223,678,1294,719,0.8784,77.99,0
frame_000118_fish_05.png,759,73,857,140,0.8458,89.50,0
frame_000118_fish_06.png,777,783,850,815,0.7994,86.57,0
frame_000119_fish_00.png,1184,727,1238,818,0.9041,90.91,0
frame_000119_fish_01.png,1200,657,1251,709,0.8950,82.49,0
frame_000119_fish_02.png,1153,869,1222,900,0.8922,72.20,0
frame_000119_fish_03.png,541,815,587,881,0.8889,92.10,0
frame_000119_fish_04.png,850,778,907,834,0.8662,89.46,0
frame_000119_fish_05.png,676,535,735,613,0.8020,88.97,0
frame_000119_fish_06.png,766,73,855,139,0.7691,88.80,0
frame_000119_fish_07.png,602,729,684,797,0.7490,92.86,0
frame_000120_fish_00.png,1221,630,1269,702,0.9028,86.36,0
frame_000120_fish_01.png,1046,840,1124,888,0.8979,86.38,0
frame_000120_fish_02.png,1190,774,1273,842,0.8874,89.64,0
frame_000120_fish_03.png,715,511,752,592,0.8703,83.21,0
frame_000120_fish_04.png,760,72,855,139,0.8064,89.40,0
frame_000120_fish_05.png,924,822,1006,874,0.7570,90.25,0
frame_000121_fish_00.png,1254,724,1311,815,0.9084,92.29,0
frame_000121_fish_01.png,1229,609,1281,688,0.9005,88.35,0
frame_000121_fish_02.png,681,828,749,892,0.8992,92.77,0
frame_000121_fish_03.png,933,783,1009,822,0.8928,83.58,0
frame_000121_fish_04.png,706,507,754,570,0.8488,90.13,0
frame_000121_fish_05.png,764,71,856,140,0.8272,89.06,0
frame_000121_fish_06.png,581,734,635,778,0.3932,92.01,0
frame_000122_fish_00.png,707,510,759,572,0.8770,90.44,0
frame_000122_fish_01.png,898,746,928,775,0.8163,84.33,0
frame_000122_fish_02.png,1229,623,1322,662,0.8027,77.94,0
frame_000122_fish_03.png,635,747,704,820,0.6484,91.69,0
frame_000122_fish_04.png,752,78,829,139,0.6274,90.41,0
frame_000122_fish_05.png,1230,622,1320,696,0.5932,85.43,0
frame_000122_fish_06.png,1252,628,1317,719,0.3203,84.83,0
frame_000123_fish_00.png,875,733,923,788,0.9022,83.89,0
frame_000123_fish_01.png,1121,758,1161,791,0.8897,79.03,0
frame_000123_fish_02.png,742,90,851,144,0.8652,87.03,0
frame_000123_fish_03.png,1232,421,1256,522,0.8403,86.08,0
frame_000123_fish_04.png,701,526,754,575,0.8068,82.42,0
frame_000124_fish_00.png,1021,708,1112,760,0.9047,84.16,0
frame_000124_fish_01.png,893,754,919,800,0.9034,79.65,0
frame_000124_fish_02.png,1177,384,1257,425,0.8949,88.76,0
frame_000124_fish_03.png,1278,672,1318,714,0.8833,81.21,0
frame_000124_fish_04.png,733,88,857,142,0.8514,84.93,0
frame_000125_fish_00.png,1229,697,1299,747,0.8964,78.33,0
frame_000125_fish_01.png,873,770,898,833,0.8876,87.11,0
frame_000125_fish_02.png,1153,369,1190,461,0.8867,86.73,0
frame_000125_fish_03.png,846,659,946,699,0.8784,74.14,0
frame_000125_fish_04.png,725,616,748,696,0.7994,83.35,0
frame_000125_fish_05.png,694,91,823,147,0.7849,83.78,0
frame_000126_fish_00.png,846,812,896,856,0.8986,79.44,0
frame_000126_fish_01.png,1174,727,1261,772,0.8957,78.26,0
frame_000126_fish_02.png,730,626,812,670,0.8864,79.53,0
frame_000126_fish_03.png,739,681,803,708,0.8555,82.68,0
frame_000126_fish_04.png,1145,397,1173,496,0.8460,87.33,0
frame_000127_fish_00.png,812,622,871,701,0.9216,89.50,0
frame_000127_fish_01.png,1129,431,1204,499,0.9083,87.96,0
frame_000127_fish_02.png,599,862,676,927,0.9040,93.48,0
frame_000127_fish_03.png,1130,746,1211,777,0.8985,79.54,0
frame_000127_fish_04.png,675,560,722,639,0.8838,79.66,0
frame_000127_fish_05.png,810,840,886,874,0.8831,79.58,0
frame_000128_fish_00.png,584,794,636,869,0.9051,91.46,0
frame_000128_fish_01.png,836,536,895,595,0.8979,92.56,0
frame_000128_fish_02.png,1085,722,1162,767,0.8944,84.20,0
frame_000128_fish_03.png,666,480,710,573,0.8941,74.73,0
frame_000128_fish_04.png,1112,437,1199,490,0.8932,86.87,0
frame_000128_fish_05.png,815,846,854,888,0.8836,91.33,0
frame_000129_fish_00.png,833,871,911,901,0.8867,86.15,0
frame_000129_fish_01.png,631,437,674,506,0.8864,84.44,0
frame_000129_fish_02.png,1053,721,1125,753,0.8815,82.15,0
frame_000129_fish_03.png,671,457,739,490,0.8108,85.83,0
frame_000129_fish_04.png,607,735,627,822,0.7886,89.32,0
frame_000129_fish_05.png,765,745,797,790,0.6338,86.21,0
frame_000129_fish_06.png,1119,429,1139,526,0.4026,82.29,0
frame_000130_fish_00.png,631,430,667,531,0.8984,79.86,0
frame_000130_fish_01.png,583,691,642,754,0.8920,92.26,0
frame_000130_fish_02.png,834,686,930,730,0.8840,81.76,0
frame_000130_fish_03.png,903,849,972,882,0.8720,89.73,0
frame_000130_fish_04.png,1011,643,1046,718,0.8672,92.44,0
frame_000130_fish_05.png,1137,513,1167,605,0.8579,88.08,0
frame_000130_fish_06.png,570,416,627,467,0.8281,85.97,0
frame_000131_fish_00.png,1150,558,1199,645,0.8978,89.54,0
frame_000131_fish_01.png,636,396,708,455,0.8836,91.84,0
frame_000131_fish_02.png,968,839,1035,875,0.8515,87.18,0
frame_000131_fish_03.png,560,594,582,665,0.8145,84.22,0
frame_000131_fish_04.png,563,421,596,453,0.8131,84.02,0
frame_000131_fish_05.png,1003,540,1068,644,0.7962,91.97,0
frame_000131_fish_06.png,710,80,832,139,0.7622,86.29,0
frame_000131_fish_07.png,1003,574,1068,644,0.3507,91.08,0
frame_000132_fish_00.png,1026,401,1084,472,0.8943,88.73,0
frame_000132_fish_01.png,1022,811,1101,843,0.8880,84.52,0
frame_000132_fish_02.png,565,479,594,581,0.8668,82.95,0
frame_000132_fish_03.png,1190,599,1214,670,0.8515,83.73,0
frame_000132_fish_04.png,1058,516,1088,605,0.8481,87.74,0
frame_000132_fish_05.png,589,390,623,463,0.8414,86.71,0
frame_000132_fish_06.png,757,63,849,137,0.7886,91.50,0
frame_000133_fish_00.png,1091,768,1167,808,0.9046,81.92,0
frame_000133_fish_01.png,607,383,655,430,0.8822,82.53,0
frame_000133_fish_02.png,977,299,1018,385,0.8737,87.43,0
frame_000133_fish_03.png,565,417,595,503,0.8704,86.45,0
frame_000133_fish_04.png,687,373,743,428,0.8615,87.48,0
frame_000133_fish_05.png,1058,461,1080,554,0.8595,81.48,0
frame_000133_fish_06.png,763,63,846,135,0.8293,91.18,0
frame_000133_fish_07.png,1202,590,1222,674,0.4031,82.40,0
frame_000134_fish_00.png,1061,397,1100,481,0.8996,87.17,0
frame_000134_fish_01.png,1168,741,1229,770,0.8933,73.62,0
frame_000134_fish_02.png,612,451,677,564,0.8845,85.84,0
frame_000134_fish_03.png,566,393,595,484,0.8678,88.28,0
frame_000134_fish_04.png,688,319,745,418,0.8465,89.86,0
frame_000134_fish_05.png,760,62,846,134,0.7391,91.40,0
frame_000134_fish_06.png,1213,625,1233,716,0.5157,84.48,0
frame_000135_fish_00.png,655,624,692,710,0.8992,81.69,0
frame_000135_fish_01.png,1183,715,1274,813,0.8893,87.93,0
frame_000135_fish_02.png,1069,379,1151,412,0.8690,84.83,0
frame_000135_fish_03.png,699,305,752,410,0.8379,90.98,0
frame_000135_fish_04.png,565,394,594,483,0.8229,88.45,0
frame_000135_fish_05.png,760,62,844,134,0.7139,91.38,0
frame_000136_fish_00.png,1257,661,1309,726,0.9180,82.03,0
frame_000136_fish_01.png,618,737,673,802,0.8970,85.42,0
frame_000136_fish_02.png,565,393,594,484,0.8753,88.40,0
frame_000136_fish_03.png,1126,390,1214,437,0.8695,85.98,0
frame_000136_fish_04.png,1182,742,1205,829,0.8215,88.95,0
frame_000136_fish_05.png,759,60,842,132,0.5909,91.34,0
frame_000136_fish_06.png,899,177,945,222,0.5808,87.07,0
frame_000137_fish_00.png,1275,610,1326,679,0.8983,83.87,0
frame_000137_fish_01.png,564,393,594,484,0.8842,88.47,0
frame_000137_fish_02.png,1170,418,1262,470,0.8833,85.39,0
frame_000137_fish_03.png,607,775,630,818,0.8733,86.83,0
frame_000137_fish_04.png,1178,758,1203,830,0.8625,89.61,0
frame_000137_fish_05.png,871,331,900,384,0.7025,78.11,0
frame_000137_fish_06.png,763,60,842,132,0.5300,90.93,0
frame_000138_fish_00.png,1109,766,1197,811,0.9019,85.68,0
frame_000138_fish_01.png,1203,464,1295,499,0.8910,80.25,0
frame_000138_fish_02.png,563,394,594,484,0.8843,88.70,0
frame_000138_fish_03.png,1306,575,1333,628,0.7939,85.17,0
frame_000138_fish_04.png,761,61,841,132,0.5308,90.97,0
frame_000138_fish_05.png,915,369,945,429,0.3533,83.23,0
frame_000138_fish_06.png,914,337,947,429,0.3154,85.13,0
frame_000139_fish_00.png,563,394,594,484,0.8865,88.44,0
frame_000139_fish_01.png,1082,634,1119,723,0.8823,91.18,0
frame_000139_fish_02.png,1252,464,1294,520,0.8816,89.40,0
frame_000139_fish_03.png,1296,567,1358,600,0.8779,80.41,0
frame_000139_fish_04.png,604,786,656,829,0.8604,90.48,0
frame_000139_fish_05.png,888,433,957,463,0.8487,88.60,0
frame_000140_fish_00.png,839,420,898,459,0.9140,89.55,0
frame_000140_fish_01.png,1229,476,1303,547,0.8997,88.13,0
frame_000140_fish_02.png,562,394,594,484,0.8856,88.63,0
frame_000140_fish_03.png,1286,565,1345,603,0.8657,82.19,0
frame_000140_fish_04.png,764,90,838,171,0.8640,87.51,0
frame_000140_fish_05.png,593,754,649,801,0.8378,89.27,0
frame_000140_fish_06.png,1051,519,1127,555,0.3737,89.95,0
frame_000141_fish_00.png,1156,531,1247,572,0.8818,80.01,0
frame_000141_fish_01.png,1099,281,1131,365,0.8807,83.75,0
frame_000141_fish_02.png,563,394,594,483,0.8723,88.41,0
frame_000141_fish_03.png,825,403,878,439,0.8426,92.67,0
frame_000141_fish_04.png,767,170,890,232,0.7558,83.08,0
frame_000141_fish_05.png,1283,560,1313,592,0.3746,80.90,0
frame_000142_fish_00.png,1276,560,1341,597,0.8850,78.66,0
frame_000142_fish_01.png,1114,522,1165,600,0.8819,91.46,0
frame_000142_fish_02.png,563,395,594,482,0.8813,88.34,0
frame_000142_fish_03.png,1095,306,1134,407,0.8695,87.81,0
frame_000142_fish_04.png,597,725,624,771,0.8307,93.06,0
frame_000142_fish_05.png,1058,567,1087,646,0.7846,90.56,0
frame_000143_fish_00.png,646,728,679,766,0.8866,80.23,0
frame_000143_fish_01.png,563,395,594,483,0.8790,88.49,0
frame_000143_fish_02.png,1128,380,1223,413,0.8769,85.91,0
frame_000143_fish_03.png,1309,562,1349,601,0.8551,84.31,0
frame_000143_fish_04.png,845,403,875,450,0.8305,87.29,0
frame_000143_fish_05.png,1121,502,1141,586,0.8151,81.64,0
frame_000143_fish_06.png,1098,595,1118,677,0.4743,84.66,0
frame_000144_fish_00.png,700,753,784,816,0.8949,88.94,0
frame_000144_fish_01.png,563,394,594,483,0.8765,88.51,0
frame_000144_fish_02.png,1099,624,1148,680,0.8755,86.08,0
frame_000144_fish_03.png,1131,494,1153,580,0.8506,82.23,0
frame_000144_fish_04.png,1322,569,1350,610,0.8458,80.07,0
frame_000144_fish_05.png,860,406,893,453,0.8017,78.87,0
frame_000144_fish_06.png,835,19,969,110,0.4826,88.39,0
frame_000144_fish_07.png,1258,402,1279,480,0.4054,81.18,0
frame_000145_fish_00.png,829,786,896,819,0.9197,77.55,0
frame_000145_fish_01.png,563,395,595,482,0.8792,88.99,0
frame_000145_fish_02.png,1314,535,1363,647,0.8705,89.55,0
frame_000145_fish_03.png,861,413,907,456,0.8678,77.00,0
frame_000145_fish_04.png,1133,588,1204,639,0.8633,91.63,0
frame_000145_fish_05.png,1138,487,1160,563,0.8453,81.90,0
frame_000146_fish_00.png,1349,688,1407,781,0.8987,88.38,0
frame_000146_fish_01.png,853,400,932,472,0.8964,83.16,0
frame_000146_fish_02.png,938,746,981,785,0.8918,84.29,0
frame_000146_fish_03.png,1295,532,1343,608,0.8828,84.17,0
frame_000146_fish_04.png,563,396,594,482,0.8805,88.65,0
frame_000146_fish_05.png,792,77,926,160,0.8573,88.23,0
frame_000146_fish_06.png,1151,461,1181,539,0.7487,85.33,0
frame_000146_fish_07.png,1175,482,1200,575,0.7484,81.96,0
frame_000146_fish_08.png,1165,463,1198,578,0.6215,84.37,0
frame_000146_fish_09.png,1152,461,1189,573,0.2750,87.00,0
frame_000147_fish_00.png,980,604,1023,686,0.9038,91.71,0
frame_000147_fish_01.png,1249,795,1344,835,0.8983,78.01,0
frame_000147_fish_02.png,881,375,923,446,0.8892,83.89,0
frame_000147_fish_03.png,563,395,594,482,0.8786,88.60,0
frame_000147_fish_04.png,1243,460,1293,537,0.8404,80.80,0
frame_000147_fish_05.png,1163,423,1254,496,0.7211,82.13,0
frame_000147_fish_06.png,1163,436,1294,537,0.5932,86.39,0
frame_000147_fish_07.png,1161,445,1255,495,0.5902,77.51,0
frame_000148_fish_00.png,977,541,1053,605,0.9059,82.47,0
frame_000148_fish_01.png,1225,804,1281,850,0.8893,78.21,0
frame_000148_fish_02.png,1163,357,1202,447,0.8847,87.74,0
frame_000148_fish_03.png,1236,472,1325,522,0.8831,83.32,0
frame_000148_fish_04.png,563,395,594,482,0.8825,88.58,0
frame_000148_fish_05.png,866,356,923,396,0.8494,74.11,0
frame_000148_fish_06.png,1101,255,1182,364,0.8468,84.84,0
frame_000149_fish_00.png,1182,697,1239,787,0.9009,87.82,0
frame_000149_fish_01.png,1124,318,1168,410,0.8975,82.20,0
frame_000149_fish_02.png,819,342,897,398,0.8905,87.32,0
frame_000149_fish_03.png,1269,465,1349,524,0.8891,87.39,0
frame_000149_fish_04.png,563,395,594,481,0.8785,88.60,0
frame_000149_fish_05.png,867,526,970,563,0.8765,70.38,0
frame_000149_fish_06.png,1247,548,1290,586,0.8291,81.72,0
frame_000150_fish_00.png,1104,562,1162,655,0.9030,90.03,0
frame_000150_fish_01.png,1286,457,1366,533,0.8948,89.66,0
frame_000150_fish_02.png,1100,318,1147,414,0.8819,82.22,0
frame_000150_fish_03.png,745,532,833,575,0.8808,88.30,0
frame_000150_fish_04.png,564,395,594,482,0.8797,88.41,0
frame_000150_fish_05.png,789,355,866,394,0.8740,86.06,0
frame_000151_fish_00.png,1314,451,1370,518,0.8951,89.50,0
frame_000151_fish_01.png,771,350,858,390,0.8907,86.15,0
frame_000151_fish_02.png,1021,353,1128,390,0.8853,86.06,0
frame_000151_fish_03.png,1231,626,1309,659,0.8803,74.02,0
frame_000151_fish_04.png,564,395,595,482,0.8769,88.47,0
frame_000151_fish_05.png,1085,442,1114,526,0.8505,87.37,0
frame_000152_fish_00.png,740,330,829,385,0.8938,86.14,0
frame_000152_fish_01.png,1197,657,1276,696,0.8870,74.63,0
frame_000152_fish_02.png,564,395,594,481,0.8799,88.27,0
frame_000152_fish_03.png,646,479,684,570,0.8554,87.02,0
frame_000152_fish_04.png,919,326,1020,359,0.8522,85.27,0
frame_000152_fish_05.png,1329,444,1364,541,0.8018,92.43,0
frame_000152_fish_06.png,1078,392,1105,446,0.7739,84.84,0
frame_000153_fish_00.png,1154,657,1218,711,0.9103,79.55,0
frame_000153_fish_01.png,1086,310,1125,404,0.8960,83.73,0
frame_000153_fish_02.png,614,325,674,415,0.8859,84.41,0
frame_000153_fish_03.png,563,396,594,481,0.8823,88.41,0
frame_000153_fish_04.png,664,343,719,381,0.8387,79.28,0
frame_000153_fish_05.png,1324,490,1355,527,0.7824,79.17,0
frame_000153_fish_06.png,949,266,1062,331,0.7060,83.39,0
frame_000153_fish_07.png,833,262,893,332,0.5482,93.35,0
frame_000154_fish_00.png,1317,524,1349,560,0.8900,77.15,0
frame_000154_fish_01.png,564,395,594,482,0.8867,88.35,0
frame_000154_fish_02.png,1079,695,1166,729,0.8855,73.25,0
frame_000154_fish_03.png,1052,291,1155,327,0.8845,88.60,0
frame_000154_fish_04.png,583,279,627,338,0.8787,83.68,0
frame_000154_fish_05.png,731,288,806,327,0.8289,89.38,0
frame_000154_fish_06.png,644,305,681,347,0.7064,89.95,0
frame_000155_fish_00.png,1021,723,1097,780,0.9140,85.72,0
frame_000155_fish_01.png,564,395,594,482,0.8864,88.41,0
frame_000155_fish_02.png,695,293,786,357,0.8863,86.31,0
frame_000155_fish_03.png,945,318,1053,355,0.8820,90.24,0
frame_000155_fish_04.png,582,271,624,331,0.8799,86.26,0
frame_000155_fish_05.png,1311,546,1349,587,0.8503,82.30,0
frame_000155_fish_06.png,861,108,929,240,0.5339,83.74,0
frame_000156_fish_00.png,876,346,973,385,0.8863,85.70,0
frame_000156_fish_01.png,564,395,595,481,0.8835,88.48,0
frame_000156_fish_02.png,1021,767,1052,812,0.8814,86.30,0
frame_000156_fish_03.png,742,265,793,362,0.8592,87.47,0
frame_000156_fish_04.png,585,216,622,290,0.8232,89.02,0
frame_000156_fish_05.png,1336,546,1363,592,0.8177,87.29,0
frame_000157_fish_00.png,735,295,817,351,0.8939,90.95,0
frame_000157_fish_01.png,564,395,594,482,0.8809,88.25,0
frame_000157_fish_02.png,873,356,902,452,0.8699,85.89,0
frame_000157_fish_03.png,1026,790,1084,823,0.8684,79.98,0
frame_000157_fish_04.png,1264,568,1333,635,0.8607,81.81,0
frame_000157_fish_05.png,829,72,930,140,0.8043,83.78,0
frame_000158_fish_00.png,1201,643,1254,727,0.9116,87.06,0
frame_000158_fish_01.png,949,527,1026,613,0.8980,88.58,0
frame_000158_fish_02.png,1050,815,1131,847,0.8905,73.62,0
frame_000158_fish_03.png,564,395,594,483,0.8808,88.48,0
frame_000158_fish_04.png,572,206,625,278,0.8621,90.95,0
frame_000159_fish_00.png,1119,734,1207,783,0.9008,80.13,0
frame_000159_fish_01.png,1082,662,1163,742,0.8986,87.39,0
frame_000159_fish_02.png,1091,848,1176,880,0.8950,70.69,0
frame_000159_fish_03.png,635,333,694,414,0.8922,87.00,0
frame_000159_fish_04.png,564,394,594,482,0.8873,88.39,0
frame_000160_fish_00.png,1049,738,1121,823,0.9120,93.75,0
frame_000160_fish_01.png,1162,767,1240,811,0.8984,82.94,0
frame_000160_fish_02.png,1151,881,1237,913,0.8817,73.62,0
frame_000160_fish_03.png,720,453,784,540,0.8730,87.12,0
frame_000160_fish_04.png,564,393,594,482,0.8704,88.40,0
frame_000161_fish_00.png,1212,794,1309,834,0.9033,81.63,0
frame_000161_fish_01.png,1205,870,1278,938,0.9020,85.68,0
frame_000161_fish_02.png,564,394,594,482,0.8808,88.40,0
frame_000161_fish_03.png,1045,680,1067,775,0.8506,85.74,0
frame_000161_fish_04.png,753,599,780,674,0.8270,88.30,0
frame_000162_fish_00.png,1277,761,1347,801,0.9015,84.20,0
frame_000162_fish_01.png,1289,843,1374,880,0.8976,78.60,0
frame_000162_fish_02.png,699,695,743,750,0.8887,86.89,0
frame_000162_fish_03.png,564,393,594,482,0.8788,88.52,0
frame_000162_fish_04.png,1030,663,1058,755,0.8190,89.79,0
frame_000163_fish_00.png,1209,760,1304,799,0.9028,75.57,0
frame_000163_fish_01.png,564,394,594,483,0.8769,88.46,0
frame_000163_fish_02.png,628,755,691,793,0.8720,84.38,0
frame_000163_fish_03.png,1012,642,1036,731,0.8317,87.87,0
frame_000163_fish_04.png,1362,851,1388,906,0.7860,85.56,0
frame_000164_fish_00.png,1343,812,1395,877,0.9079,86.85,0
frame_000164_fish_01.png,1024,711,1128,753,0.8971,84.75,0
frame_000164_fish_02.png,580,733,645,798,0.8912,90.05,0
frame_000164_fish_03.png,984,605,1022,690,0.8874,90.29,0
frame_000164_fish_04.png,564,393,594,482,0.8812,88.41,0
frame_000164_fish_05.png,471,733,524,787,0.8169,91.15,0
frame_000164_fish_06.png,729,266,760,339,0.5207,88.80,0
frame_000165_fish_00.png,1308,754,1359,834,0.9072,87.45,0
frame_000165_fish_01.png,835,656,908,705,0.9013,85.22,0
frame_000165_fish_02.png,952,600,1042,634,0.8873,78.68,0
frame_000165_fish_03.png,564,394,595,482,0.8803,88.64,0
frame_000165_fish_04.png,941,379,1088,416,0.8677,82.09,0
frame_000165_fish_05.png,715,346,786,385,0.8420,90.82,0
frame_000165_fish_06.png,582,738,638,771,0.2562,86.01,0
frame_000166_fish_00.png,1292,715,1326,793,0.9074,83.83,0
frame_000166_fish_01.png,1019,633,1104,665,0.8927,82.06,0
frame_000166_fish_02.png,564,394,594,481,0.8843,88.36,0
frame_000166_fish_03.png,705,334,746,405,0.8657,88.62,0
frame_000166_fish_04.png,668,714,732,763,0.8509,85.15,0
frame_000166_fish_05.png,668,714,754,790,0.5630,91.88,0
frame_000167_fish_00.png,1071,643,1145,681,0.8918,82.60,0
frame_000167_fish_01.png,1286,694,1309,780,0.8649,80.43,0
frame_000167_fish_02.png,563,406,597,465,0.8443,88.57,0
frame_000167_fish_03.png,711,368,761,406,0.8166,85.21,0
frame_000167_fish_04.png,604,771,669,828,0.5502,91.31,0
frame_000168_fish_00.png,1271,684,1310,759,0.8932,86.38,0
frame_000168_fish_01.png,1115,662,1165,700,0.8886,73.51,0
frame_000168_fish_02.png,743,396,784,467,0.8790,87.98,0
frame_000168_fish_03.png,716,736,757,789,0.8714,87.60,0
frame_000168_fish_04.png,624,708,656,792,0.7417,87.01,0
frame_000168_fish_05.png,564,405,593,500,0.7211,86.77,0
frame_000169_fish_00.png,1107,705,1190,739,0.8952,76.51,0
frame_000169_fish_01.png,1309,705,1362,736,0.8780,84.07,0
frame_000169_fish_02.png,731,451,772,509,0.8762,87.08,0
frame_000169_fish_03.png,710,663,736,697,0.8118,77.30,0
frame_000169_fish_04.png,565,432,592,512,0.7207,91.16,0
frame_000169_fish_05.png,817,63,936,124,0.3633,85.97,0
frame_000170_fish_00.png,665,527,732,628,0.8973,83.90,0
frame_000170_fish_01.png,1342,745,1391,794,0.8964,81.42,0
frame_000170_fish_02.png,1131,719,1217,771,0.8960,82.34,0
frame_000170_fish_03.png,744,482,823,523,0.8855,86.66,0
frame_000170_fish_04.png,845,113,955,181,0.7223,83.87,0
frame_000170_fish_05.png,565,427,594,512,0.6453,91.40,0
frame_000171_fish_00.png,1231,761,1319,797,0.8922,74.42,0
frame_000171_fish_01.png,642,428,679,536,0.8904,86.72,0
frame_000171_fish_02.png,823,470,862,523,0.8838,92.47,0
frame_000171_fish_03.png,1167,720,1238,754,0.8785,80.27,0
frame_000171_fish_04.png,565,436,593,512,0.7439,91.81,0
frame_000172_fish_00.png,1129,799,1219,833,0.8985,70.32,0
frame_000172_fish_01.png,617,335,664,434,0.8855,87.86,0
frame_000172_fish_02.png,1194,727,1284,767,0.8826,79.29,0
frame_000172_fish_03.png,859,465,911,516,0.8769,83.63,0
frame_000172_fish_04.png,565,434,593,511,0.8425,92.12,0
frame_000172_fish_05.png,605,813,645,857,0.5575,90.99,0
frame_000173_fish_00.png,1064,785,1126,861,0.9069,82.80,0
frame_000173_fish_01.png,1238,717,1293,794,0.9007,91.49,0
frame_000173_fish_02.png,679,698,719,761,0.8963,79.11,0
frame_000173_fish_03.png,794,407,872,449,0.8921,91.92,0
frame_000173_fish_04.png,954,302,1033,374,0.8840,80.55,0
frame_000173_fish_05.png,592,233,660,333,0.8583,89.46,0
frame_000173_fish_06.png,565,434,594,512,0.8035,91.95,0
frame_000174_fish_00.png,737,660,821,701,0.9158,77.01,0
frame_000174_fish_01.png,1250,718,1306,795,0.8998,92.62,0
frame_000174_fish_02.png,1005,753,1046,836,0.8993,85.04,0
frame_000174_fish_03.png,770,400,829,455,0.8914,93.98,0
frame_000174_fish_04.png,593,201,641,276,0.7917,93.38,0
frame_000174_fish_05.png,566,432,596,512,0.4941,91.74,0
frame_000175_fish_00.png,753,409,826,490,0.9171,90.26,0
frame_000175_fish_01.png,961,744,1017,819,0.9054,84.61,0
frame_000175_fish_02.png,1262,708,1296,770,0.8881,83.53,0
frame_000175_fish_03.png,914,641,1011,684,0.8646,81.74,0
frame_000175_fish_04.png,588,173,668,273,0.7352,92.97,0
frame_000175_fish_05.png,565,432,595,512,0.6969,91.87,0
frame_000175_fish_06.png,588,174,670,232,0.6888,89.37,0
frame_000176_fish_00.png,1227,688,1288,761,0.9129,87.30,0
frame_000176_fish_01.png,1106,733,1180,788,0.9115,82.98,0
frame_000176_fish_02.png,928,725,979,787,0.8914,78.95,0
frame_000176_fish_03.png,698,443,757,483,0.8856,87.07,0
frame_000176_fish_04.png,626,165,690,217,0.8511,90.51,0
frame_000176_fish_05.png,565,432,595,510,0.6417,92.11,0
frame_000177_fish_00.png,866,701,915,774,0.9123,87.46,0
frame_000177_fish_01.png,1190,654,1236,738,0.8937,88.26,0
frame_000177_fish_02.png,1146,768,1185,808,0.8702,84.94,0
frame_000177_fish_03.png,564,431,595,510,0.6070,92.48,0
frame_000178_fish_00.png,1142,650,1201,718,0.9026,84.80,0
frame_000178_fish_01.png,1120,755,1211,793,0.8932,78.84,0
frame_000178_fish_02.png,741,415,811,465,0.8895,86.18,0
frame_000178_fish_03.png,877,683,899,767,0.8760,80.52,0
frame_000178_fish_04.png,564,433,595,509,0.5918,91.96,0
frame_000179_fish_00.png,860,678,892,757,0.9023,86.57,0
frame_000179_fish_01.png,1063,625,1147,675,0.9015,91.57,0
frame_000179_fish_02.png,1097,742,1193,776,0.8987,77.00,0
frame_000179_fish_03.png,772,398,857,442,0.8538,91.43,0
frame_000180_fish_00.png,842,621,928,686,0.9097,86.52,0
frame_000180_fish_01.png,804,365,901,410,0.8949,84.13,0
frame_000180_fish_02.png,1027,597,1072,683,0.8947,92.88,0
frame_000180_fish_03.png,846,683,865,768,0.8520,80.14,0
frame_000181_fish_00.png,796,691,855,760,0.9109,84.87,0
frame_000181_fish_01.png,1001,597,1046,669,0.8924,89.85,0
frame_000181_fish_02.png,774,507,806,593,0.8764,93.87,0
frame_000181_fish_03.png,815,352,921,394,0.8592,82.62,0
frame_000182_fish_00.png,953,598,1033,656,0.9065,88.18,0
frame_000182_fish_01.png,809,713,897,753,0.8941,72.83,0
frame_000182_fish_02.png,857,378,905,465,0.8816,89.82,0
frame_000182_fish_03.png,894,336,931,380,0.7352,83.94,0
frame_000183_fish_00.png,929,574,989,655,0.9030,91.27,0
frame_000183_fish_01.png,842,746,933,778,0.8903,68.40,0
frame_000183_fish_02.png,870,335,931,378,0.7457,71.44,0
frame_000184_fish_00.png,887,781,973,813,0.8913,71.06,0
frame_000184_fish_01.png,944,551,966,642,0.7842,84.68,0
frame_000184_fish_02.png,869,331,912,369,0.4577,80.73,0
frame_000185_fish_00.png,944,563,1001,630,0.8920,87.95,0
frame_000185_fish_01.png,872,336,919,404,0.8652,80.53,0
frame_000185_fish_02.png,953,810,1042,841,0.8649,80.46,0
frame_000186_fish_00.png,1002,831,1084,869,0.8936,81.90,0
frame_000186_fish_01.png,837,379,901,477,0.8811,87.62,0
frame_000186_fish_02.png,995,572,1024,635,0.8461,88.96,0
frame_000187_fish_00.png,786,459,845,521,0.9064,93.08,0
frame_000187_fish_01.png,1003,651,1100,697,0.8874,86.14,0
frame_000187_fish_02.png,1043,838,1110,876,0.8843,81.68,0
frame_000188_fish_00.png,764,431,831,496,0.9054,88.35,0
frame_000188_fish_01.png,1058,708,1149,749,0.8916,79.25,0
frame_000188_fish_02.png,1080,852,1102,888,0.2972,89.47,0
frame_000189_fish_00.png,1113,738,1161,772,0.8963,82.69,0
frame_000189_fish_01.png,773,393,817,463,0.8863,92.61,0
frame_000189_fish_02.png,1047,853,1100,889,0.8857,80.32,0
frame_000189_fish_03.png,620,166,691,211,0.8819,87.02,0
frame_000190_fish_00.png,1118,746,1167,787,0.8813,79.43,0
frame_000190_fish_01.png,1073,281,1111,363,0.8659,86.13,0
frame_000190_fish_02.png,958,818,1002,874,0.8460,88.06,0
frame_000190_fish_03.png,699,360,748,404,0.8310,91.28,0
frame_000190_fish_04.png,588,201,635,278,0.6220,95.41,0
frame_000191_fish_00.png,1068,750,1142,787,0.8970,75.60,0
frame_000191_fish_01.png,849,785,899,830,0.8923,78.56,0
frame_000191_fish_02.png,603,266,647,313,0.8750,83.76,0
frame_000191_fish_03.png,676,343,736,385,0.8660,86.23,0
frame_000191_fish_04.png,1026,327,1115,373,0.8602,91.57,0
frame_000192_fish_00.png,760,775,844,821,0.8966,78.33,0
frame_000192_fish_01.png,1010,747,1087,785,0.8929,82.92,0
frame_000192_fish_02.png,996,328,1063,374,0.8772,88.19,0
frame_000192_fish_03.png,655,330,711,404,0.8613,82.84,0
frame_000192_fish_04.png,656,329,757,404,0.7957,86.48,0
frame_000192_fish_05.png,566,436,591,510,0.3895,94.94,0
frame_000193_fish_00.png,728,740,789,815,0.9099,82.44,0
frame_000193_fish_01.png,968,736,1048,794,0.9001,91.00,0
frame_000193_fish_02.png,989,308,1055,367,0.8846,90.45,0
frame_000193_fish_03.png,675,415,749,515,0.8838,83.94,0
frame_000193_fish_04.png,736,332,763,410,0.7205,90.64,0
frame_000194_fish_00.png,740,554,812,638,0.8971,82.48,0
frame_000194_fish_01.png,928,736,1009,780,0.8859,86.91,0
frame_000194_fish_02.png,738,371,799,429,0.8586,93.59,0
frame_000194_fish_03.png,975,303,1041,340,0.8461,87.27,0
frame_000194_fish_04.png,727,730,755,789,0.8308,90.63,0
frame_000195_fish_00.png,824,656,924,715,0.8997,77.97,0
frame_000195_fish_01.png,766,384,853,440,0.8762,91.08,0
frame_000195_fish_02.png,924,720,970,792,0.8601,90.78,0
frame_000195_fish_03.png,993,300,1051,337,0.8269,85.62,0
frame_000195_fish_04.png,713,728,756,813,0.6607,95.21,0
frame_000195_fish_05.png,712,767,741,813,0.2791,88.37,0
frame_000196_fish_00.png,920,757,986,831,0.9014,85.68,0
frame_000196_fish_01.png,935,711,1017,775,0.8901,84.37,0
frame_000196_fish_02.png,799,360,877,411,0.8894,88.97,0
frame_000196_fish_03.png,675,788,719,818,0.8816,76.70,0
frame_000196_fish_04.png,985,295,1062,334,0.5267,85.32,0
frame_000197_fish_00.png,645,768,707,809,0.9110,80.89,0
frame_000197_fish_01.png,983,783,1058,841,0.8920,86.68,0
frame_000197_fish_02.png,823,349,881,402,0.8768,91.17,0
frame_000198_fish_00.png,622,741,678,790,0.9001,81.26,0
frame_000198_fish_01.png,1039,820,1113,860,0.8645,86.13,0
frame_000198_fish_02.png,832,349,873,391,0.7961,90.38,0
frame_000198_fish_03.png,985,796,1039,856,0.5843,92.31,0
frame_000199_fish_00.png,1084,813,1160,848,0.8903,87.34,0
frame_000199_fish_01.png,914,811,1001,847,0.8847,89.28,0
frame_000199_fish_02.png,623,726,640,765,0.8654,80.64,0
frame_000199_fish_03.png,826,366,856,423,0.5708,89.63,0
frame_000200_fish_00.png,847,769,902,829,0.8987,89.97,0
frame_000200_fish_01.png,635,711,663,739,0.8588,78.75,0
frame_000200_fish_02.png,1124,803,1159,841,0.4615,88.37,0
frame_000201_fish_00.png,790,694,857,755,0.9075,80.22,0
frame_000201_fish_01.png,818,403,877,441,0.8795,89.42,0
frame_000201_fish_02.png,674,678,707,704,0.8608,77.79,0
frame_000201_fish_03.png,1102,800,1138,833,0.8342,86.08,0
frame_000202_fish_00.png,1047,754,1101,795,0.8876,84.21,0
frame_000202_fish_01.png,753,601,795,653,0.8816,76.93,0
frame_000202_fish_02.png,798,393,874,432,0.8783,89.37,0
frame_000202_fish_03.png,692,663,746,698,0.8744,76.99,0
frame_000203_fish_00.png,639,472,717,546,0.9223,83.98,0
frame_000203_fish_01.png,696,671,757,731,0.9065,81.50,0
frame_000203_fish_02.png,763,382,840,463,0.8918,90.92,0
frame_000203_fish_03.png,1006,685,1053,715,0.8784,84.76,0
frame_000204_fish_00.png,718,701,789,754,0.9043,80.09,0
frame_000204_fish_01.png,562,352,650,438,0.9039,87.14,0
frame_000204_fish_02.png,971,596,1030,659,0.8905,93.96,0
frame_000204_fish_03.png,566,436,593,510,0.6354,95.16,0
frame_000205_fish_00.png,736,728,816,774,0.8775,79.35,0
frame_000205_fish_01.png,963,516,992,602,0.8681,90.36,0
frame_000205_fish_02.png,705,381,767,419,0.8653,84.60,0
frame_000206_fish_00.png,943,488,1006,544,0.9034,91.85,0
frame_000206_fish_01.png,771,738,843,776,0.8932,81.47,0
frame_000206_fish_02.png,704,351,793,410,0.8837,88.51,0
frame_000206_fish_03.png,571,177,666,237,0.6936,90.06,0
frame_000206_fish_04.png,572,176,665,269,0.5700,92.82,0
frame_000207_fish_00.png,833,688,857,751,0.8835,81.44,0
frame_000207_fish_01.png,758,330,801,386,0.8725,89.72,0
frame_000207_fish_02.png,968,383,992,471,0.8366,85.33,0
frame_000208_fish_00.png,854,634,907,685,0.9062,79.68,0
frame_000208_fish_01.png,761,313,845,356,0.8768,85.81,0
frame_000208_fish_02.png,879,288,935,348,0.5582,86.27,0
frame_000209_fish_00.png,901,580,956,646,0.9101,82.54,0
frame_000209_fish_01.png,882,313,974,354,0.8427,77.55,0
frame_000210_fish_00.png,949,549,983,623,0.8924,87.38,0
frame_000211_fish_00.png,913,406,985,486,0.9036,84.96,0
frame_000211_fish_01.png,926,536,1000,578,0.8957,80.07,0
frame_000212_fish_00.png,812,489,876,576,0.8900,91.48,0
frame_000212_fish_01.png,923,516,966,579,0.8327,88.53,0
frame_000213_fish_00.png,938,493,958,572,0.8430,84.18,0
frame_000213_fish_01.png,780,570,846,601,0.7961,81.87,0
frame_000213_fish_02.png,645,167,693,202,0.7503,86.30,0
frame_000214_fish_00.png,827,485,875,579,0.8975,86.70,0
frame_000214_fish_01.png,952,510,983,584,0.8740,88.16,0
frame_000215_fish_00.png,946,526,1011,578,0.8995,79.45,0
frame_000215_fish_01.png,823,458,869,563,0.8933,85.53,0
frame_000215_fish_02.png,752,72,850,193,0.8198,88.05,0
frame_000215_fish_03.png,617,206,650,267,0.3741,85.43,0
frame_000216_fish_00.png,985,552,1061,589,0.8987,76.34,0
frame_000216_fish_01.png,644,286,697,352,0.8840,85.29,0
frame_000216_fish_02.png,806,489,841,513,0.8739,89.42,0
frame_000217_fish_00.png,1042,582,1114,614,0.9030,75.64,0
frame_000217_fish_01.png,784,494,828,528,0.8849,89.24,0
frame_000217_fish_02.png,671,363,739,459,0.8841,87.48,0
frame_000218_fish_00.png,1074,617,1143,648,0.9005,72.75,0
frame_000218_fish_01.png,708,493,779,587,0.8785,85.26,0
frame_000218_fish_02.png,764,482,822,512,0.8553,94.54,0
frame_000219_fish_00.png,1083,638,1153,680,0.9164,79.51,0
frame_000219_fish_01.png,755,610,833,694,0.8798,82.67,0
frame_000219_fish_02.png,757,469,847,504,0.8719,94.18,0
frame_000219_fish_03.png,992,285,1029,368,0.8412,78.33,0
frame_000220_fish_00.png,1099,644,1173,691,0.9011,79.35,0
frame_000220_fish_01.png,817,455,882,535,0.8899,94.26,0
frame_000220_fish_02.png,995,487,1039,572,0.8898,82.08,0
frame_000220_fish_03.png,835,701,859,745,0.7372,80.53,0
frame_000221_fish_00.png,1132,638,1200,688,0.9089,79.10,0
frame_000221_fish_01.png,702,757,813,816,0.8769,80.96,0
frame_000221_fish_02.png,759,514,852,551,0.8534,94.70,0
frame_000221_fish_03.png,1007,654,1030,730,0.6881,86.79,0
frame_000222_fish_00.png,1145,633,1213,682,0.9022,81.65,0
frame_000222_fish_01.png,600,804,711,873,0.9000,83.45,0
frame_000222_fish_02.png,730,458,780,535,0.8552,87.06,0
frame_000223_fish_00.png,1162,633,1221,675,0.8955,78.82,0
frame_000223_fish_01.png,591,820,640,879,0.8925,88.57,0
frame_000223_fish_02.png,723,444,756,519,0.8805,76.26,0
frame_000223_fish_03.png,610,161,749,228,0.8556,82.69,0
frame_000224_fish_00.png,1176,652,1242,683,0.9316,74.12,0
frame_000224_fish_01.png,609,782,662,818,0.8765,79.29,0
frame_000224_fish_02.png,717,430,758,473,0.8571,83.07,0
frame_000224_fish_03.png,639,250,734,320,0.8230,87.46,0
frame_000225_fish_00.png,1220,699,1273,741,0.8976,81.62,0
frame_000225_fish_01.png,713,393,772,442,0.8819,84.64,0
frame_000225_fish_02.png,668,788,719,823,0.8812,84.56,0
frame_000226_fish_00.png,717,358,779,437,0.8999,87.02,0
frame_000226_fish_01.png,736,789,824,822,0.8984,85.23,0
frame_000226_fish_02.png,1253,746,1280,784,0.8280,80.62,0
frame_000227_fish_00.png,1225,732,1262,789,0.8885,81.74,0
frame_000227_fish_01.png,748,357,777,416,0.8685,84.88,0
frame_000227_fish_02.png,673,796,758,840,0.4488,91.16,0
frame_000228_fish_00.png,1190,697,1238,767,0.9179,81.48,0
frame_000228_fish_01.png,836,799,900,832,0.8595,85.29,0
frame_000229_fish_00.png,1159,654,1189,730,0.8953,71.33,0
frame_000229_fish_01.png,754,366,796,407,0.8563,84.23,0
frame_000229_fish_02.png,797,781,871,815,0.2597,85.78,0
frame_000230_fish_00.png,759,740,825,801,0.9103,89.71,0
frame_000230_fish_01.png,1118,630,1164,696,0.9065,78.52,0
frame_000230_fish_02.png,733,370,817,410,0.8657,81.34,0
frame_000230_fish_03.png,712,56,837,125,0.3313,89.38,0
frame_000231_fish_00.png,1093,603,1139,662,0.9082,78.07,0
frame_000231_fish_01.png,744,367,831,407,0.8906,80.14,0
frame_000231_fish_02.png,735,685,784,724,0.8808,81.03,0
frame_000231_fish_03.png,725,81,832,138,0.8292,89.78,0
frame_000232_fish_00.png,1080,581,1126,645,0.9084,79.42,0
frame_000232_fish_01.png,724,642,749,675,0.8806,78.88,0
frame_000232_fish_02.png,766,365,846,407,0.8759,88.02,0
frame_000232_fish_03.png,720,83,836,136,0.8018,91.63,0
frame_000232_fish_04.png,720,719,781,802,0.3303,95.95,0
frame_000233_fish_00.png,1060,556,1108,629,0.9116,81.69,0
frame_000233_fish_01.png,823,702,920,747,0.9097,81.40,0
frame_000233_fish_02.png,701,545,745,610,0.8957,78.99,0
frame_000233_fish_03.png,804,359,869,411,0.8605,92.38,0
frame_000233_fish_04.png,736,89,832,136,0.7313,90.22,0
frame_000234_fish_00.png,661,441,719,533,0.8992,81.02,0
frame_000234_fish_01.png,811,340,863,396,0.8921,90.92,0
frame_000234_fish_02.png,1050,517,1078,594,0.8858,76.33,0
frame_000234_fish_03.png,932,580,960,676,0.8616,78.83,0
frame_000234_fish_04.png,741,89,831,135,0.7467,90.18,0
frame_000235_fish_00.png,809,323,877,394,0.9039,95.35,0
frame_000235_fish_01.png,658,381,708,484,0.8919,82.57,0
frame_000235_fish_02.png,1049,491,1075,553,0.8794,89.05,0
frame_000235_fish_03.png,918,387,949,487,0.8566,84.44,0
frame_000235_fish_04.png,743,87,829,135,0.7835,90.40,0
frame_000236_fish_00.png,1028,479,1097,531,0.9081,82.56,0
frame_000236_fish_01.png,650,355,700,434,0.8792,86.66,0
frame_000236_fish_02.png,911,304,957,385,0.8533,80.45,0
frame_000236_fish_03.png,828,323,910,364,0.8353,91.28,0
frame_000236_fish_04.png,747,85,828,133,0.8318,90.46,0
frame_000236_fish_05.png,863,105,920,140,0.7671,91.07,0
frame_000237_fish_00.png,1042,487,1113,540,0.9025,81.43,0
frame_000237_fish_01.png,641,341,676,392,0.8696,87.55,0
frame_000237_fish_02.png,857,314,906,395,0.8418,84.38,0
frame_000237_fish_03.png,752,86,825,133,0.8413,89.45,0
frame_000237_fish_04.png,1233,183,1303,248,0.8100,93.03,0
frame_000237_fish_05.png,567,435,594,511,0.2599,93.92,0
frame_000238_fish_00.png,625,340,687,388,0.8960,85.50,0
frame_000238_fish_01.png,832,303,901,391,0.8738,90.00,0
frame_000238_fish_02.png,1081,476,1101,542,0.8367,85.03,0
frame_000238_fish_03.png,749,86,826,132,0.7979,89.77,0
frame_000238_fish_04.png,1269,237,1329,306,0.4691,92.07,0
frame_000239_fish_00.png,669,410,737,509,0.8891,85.00,0
frame_000239_fish_01.png,1235,286,1286,357,0.8796,91.47,0
frame_000239_fish_02.png,928,390,969,482,0.8783,90.11,0
frame_000239_fish_03.png,844,307,893,347,0.8653,86.79,0
frame_000239_fish_04.png,1054,468,1073,531,0.8261,85.71,0
frame_000239_fish_05.png,748,86,824,132,0.6925,89.72,0
frame_000240_fish_00.png,736,563,802,652,0.8767,81.31,0
frame_000240_fish_01.png,836,283,876,348,0.8559,85.78,0
frame_000240_fish_02.png,1199,322,1226,408,0.8447,83.94,0
frame_000240_fish_03.png,1026,470,1046,533,0.7652,85.31,0
frame_000240_fish_04.png,1005,517,1033,612,0.4943,89.52,0
frame_000241_fish_00.png,777,687,840,777,0.9092,80.62,0
frame_000241_fish_01.png,1167,408,1227,499,0.8869,83.58,0
frame_000241_fish_02.png,995,467,1021,531,0.8709,83.94,0
frame_000241_fish_03.png,807,305,841,355,0.8702,86.49,0
frame_000241_fish_04.png,1053,632,1086,734,0.8309,91.35,0
frame_000241_fish_05.png,753,93,821,131,0.3471,88.45,0
frame_000242_fish_00.png,831,780,858,830,0.8956,81.67,0
frame_000242_fish_01.png,1187,518,1237,578,0.8908,81.25,0
frame_000242_fish_02.png,968,467,1003,527,0.8726,87.74,0
frame_000242_fish_03.png,829,307,876,360,0.8723,91.53,0
frame_000242_fish_04.png,1100,754,1126,843,0.8524,88.07,0
frame_000242_fish_05.png,752,89,841,140,0.7587,90.37,0
frame_000243_fish_00.png,950,473,1031,513,0.8957,75.81,0
frame_000243_fish_01.png,813,362,905,424,0.8903,84.96,0
frame_000243_fish_02.png,1044,840,1119,878,0.8807,89.36,0
frame_000243_fish_03.png,826,814,863,864,0.8782,89.19,0
frame_000243_fish_04.png,1192,587,1229,623,0.8469,79.27,0
frame_000244_fish_00.png,991,458,1054,500,0.8951,76.14,0
frame_000244_fish_01.png,730,386,786,430,0.8809,84.76,0
frame_000244_fish_02.png,882,859,937,894,0.8589,90.79,0
frame_000244_fish_03.png,1181,630,1205,673,0.8458,82.24,0
frame_000245_fish_00.png,922,387,989,479,0.9032,91.07,0
frame_000245_fish_01.png,1099,678,1169,719,0.9017,77.29,0
frame_000245_fish_02.png,919,731,970,781,0.8946,84.67,0
frame_000245_fish_03.png,992,478,1065,511,0.8934,73.89,0
frame_000245_fish_04.png,829,836,909,882,0.8839,90.80,0
frame_000245_fish_05.png,703,382,759,456,0.8518,92.84,0
frame_000245_fish_06.png,566,436,593,510,0.2781,94.55,0
frame_000246_fish_00.png,1000,714,1089,750,0.9123,80.92,0
frame_000246_fish_01.png,864,604,905,696,0.8930,88.97,0
frame_000246_fish_02.png,742,412,830,463,0.8883,89.80,0
frame_000246_fish_03.png,763,799,844,837,0.8847,88.80,0
frame_000246_fish_04.png,1005,499,1083,539,0.8728,76.09,0
frame_000246_fish_05.png,1047,520,1080,600,0.7825,82.45,0
frame_000246_fish_06.png,1037,502,1079,600,0.2702,80.03,0
frame_000247_fish_00.png,954,731,989,776,0.9017,82.75,0
frame_000247_fish_01.png,1046,497,1119,543,0.8990,80.17,0
frame_000247_fish_02.png,974,528,1036,608,0.8971,88.57,0
frame_000247_fish_03.png,798,407,880,445,0.8718,89.82,0
frame_000247_fish_04.png,853,449,880,555,0.7702,89.38,0
frame_000247_fish_05.png,739,753,781,794,0.7178,88.00,0
frame_000247_fish_06.png,722,724,781,794,0.6826,94.27,0
frame_000247_fish_07.png,729,745,781,794,0.4694,91.49,0
frame_000248_fish_00.png,1080,484,1154,536,0.9079,84.99,0
frame_000248_fish_01.png,898,726,941,768,0.8961,81.10,0
frame_000248_fish_02.png,977,428,1005,515,0.8672,81.54,0
frame_000248_fish_03.png,811,383,905,427,0.7990,83.90,0
frame_000248_fish_04.png,736,711,759,790,0.7792,89.45,0
frame_000248_fish_05.png,823,318,904,428,0.6832,89.13,0
frame_000248_fish_06.png,737,711,760,755,0.6499,81.74,0
frame_000248_fish_07.png,772,79,905,135,0.6420,83.65,0
frame_000248_fish_08.png,828,318,891,410,0.5230,87.59,0
frame_000248_fish_09.png,831,319,879,388,0.4572,90.26,0
frame_000248_fish_10.png,566,435,593,510,0.2794,94.54,0
frame_000249_fish_00.png,992,391,1025,466,0.8972,81.00,0
frame_000249_fish_01.png,879,739,920,781,0.8845,82.56,0
frame_000249_fish_02.png,1133,455,1165,534,0.8809,76.49,0
frame_000249_fish_03.png,748,620,780,689,0.8511,77.92,0
frame_000249_fish_04.png,817,116,907,167,0.7453,86.81,0
frame_000249_fish_05.png,866,340,891,385,0.5610,82.76,0
frame_000249_fish_06.png,566,434,593,510,0.3299,94.54,0
frame_000250_fish_00.png,1135,448,1187,522,0.9095,82.85,0
frame_000250_fish_01.png,753,340,840,378,0.8967,90.31,0
frame_000250_fish_02.png,909,764,993,799,0.8945,84.80,0
frame_000250_fish_03.png,743,510,786,579,0.8920,83.84,0
frame_000250_fish_04.png,997,381,1029,454,0.8841,82.69,0
frame_000250_fish_05.png,566,434,593,510,0.3009,94.58,0
frame_000251_fish_00.png,984,387,1043,453,0.9122,85.47,0
frame_000251_fish_01.png,687,412,761,501,0.9074,86.71,0
frame_000251_fish_02.png,1128,433,1178,503,0.9047,82.24,0
frame_000251_fish_03.png,985,765,1051,802,0.8686,87.22,0
frame_000251_fish_04.png,720,346,749,406,0.7788,86.77,0
frame_000251_fish_05.png,565,434,592,511,0.3775,94.54,0
frame_000252_fish_00.png,962,368,1017,462,0.9077,85.94,0
frame_000252_fish_01.png,654,354,702,447,0.8777,88.24,0
frame_000252_fish_02.png,1115,398,1144,449,0.8607,82.06,0
frame_000252_fish_03.png,1055,744,1103,781,0.8471,87.38,0
frame_000252_fish_04.png,708,333,756,388,0.7597,88.68,0
frame_000252_fish_05.png,565,435,592,511,0.6858,94.50,0
frame_000253_fish_00.png,961,389,1007,451,0.8756,85.35,0
frame_000253_fish_01.png,1106,405,1153,441,0.8446,81.88,0
frame_000253_fish_02.png,626,285,671,378,0.8326,92.15,0
frame_000253_fish_03.png,737,307,763,393,0.5746,86.18,0
frame_000253_fish_04.png,566,434,593,510,0.5223,94.57,0
frame_000254_fish_00.png,975,371,1060,449,0.8940,89.24,0
frame_000254_fish_01.png,1053,739,1102,775,0.8856,85.25,0
frame_000254_fish_02.png,812,103,939,177,0.8463,84.67,0
frame_000254_fish_03.png,1136,395,1158,440,0.7806,82.91,0
frame_000254_fish_04.png,592,199,639,286,0.6499,94.17,0
frame_000254_fish_05.png,565,433,592,510,0.4171,94.64,0
frame_000255_fish_00.png,1094,461,1135,545,0.8998,88.04,0
frame_000255_fish_01.png,1003,725,1061,757,0.8815,85.90,0
frame_000255_fish_02.png,735,79,873,162,0.8703,87.10,0
frame_000255_fish_03.png,1129,385,1171,427,0.8477,82.70,0
frame_000255_fish_04.png,729,431,765,509,0.7234,84.00,0
frame_000255_fish_05.png,593,166,653,275,0.4783,94.84,0
frame_000255_fish_06.png,565,433,592,510,0.4514,94.43,0
frame_000256_fish_00.png,1144,585,1208,682,0.9089,86.43,0
frame_000256_fish_01.png,958,663,1022,721,0.8573,92.10,0
frame_000256_fish_02.png,601,162,690,218,0.8485,90.57,0
frame_000256_fish_03.png,715,434,738,495,0.8036,82.29,0
frame_000256_fish_04.png,1133,383,1179,421,0.7484,83.19,0
frame_000256_fish_05.png,565,433,592,510,0.5476,94.59,0
frame_000257_fish_00.png,1176,724,1254,784,0.8953,81.81,0
frame_000257_fish_01.png,1136,362,1172,411,0.8813,79.85,0
frame_000257_fish_02.png,934,575,971,646,0.8712,90.13,0
frame_000257_fish_03.png,713,359,746,412,0.7768,92.49,0
frame_000257_fish_04.png,564,435,591,510,0.5954,94.80,0
frame_000258_fish_00.png,1192,781,1243,831,0.8995,88.31,0
frame_000258_fish_01.png,1125,348,1170,410,0.8902,84.36,0
frame_000258_fish_02.png,938,525,964,611,0.8843,82.78,0
frame_000258_fish_03.png,701,310,735,385,0.8634,90.87,0
frame_000258_fish_04.png,564,434,592,509,0.5161,95.20,0
frame_000259_fish_00.png,1105,332,1161,396,0.9028,83.17,0
frame_000259_fish_01.png,944,485,988,563,0.8982,84.75,0
frame_000259_fish_02.png,1080,807,1167,843,0.8499,87.50,0
frame_000259_fish_03.png,679,296,711,365,0.7650,87.40,0
frame_000259_fish_04.png,565,435,592,508,0.4274,95.13,0
frame_000260_fish_00.png,848,769,944,809,0.8901,87.41,0
frame_000260_fish_01.png,1087,333,1147,368,0.8829,76.04,0
frame_000260_fish_02.png,985,399,1020,488,0.8816,85.06,0
frame_000260_fish_03.png,670,105,799,191,0.8412,88.68,0
frame_000260_fish_04.png,564,436,592,508,0.3873,95.50,0
frame_000260_fish_05.png,670,313,704,349,0.3297,86.41,0
frame_000261_fish_00.png,1076,341,1159,378,0.9067,77.55,0
frame_000261_fish_01.png,986,314,1055,363,0.8920,88.63,0
frame_000261_fish_02.png,687,723,773,760,0.8837,81.32,0
frame_000261_fish_03.png,703,91,824,173,0.8577,88.37,0
frame_000261_fish_04.png,678,327,714,362,0.5147,88.57,0
frame_000262_fish_00.png,1110,302,1174,417,0.8766,87.42,0
frame_000262_fish_01.png,697,347,734,390,0.3824,87.82,0
frame_000263_fish_00.png,1087,434,1209,498,0.8662,81.79,0
frame_000263_fish_01.png,701,370,752,406,0.7085,89.44,0
frame_000263_fish_02.png,704,744,754,791,0.3708,88.55,0
frame_000264_fish_00.png,1128,423,1202,473,0.8599,81.39,0
frame_000264_fish_01.png,710,372,758,418,0.8490,83.32,0
frame_000265_fish_00.png,1125,545,1178,664,0.8478,82.71,0
frame_000265_fish_01.png,1127,595,1178,664,0.3034,81.12,0
frame_000266_fish_00.png,1076,615,1189,669,0.8817,79.16,0
frame_000266_fish_01.png,732,416,806,456,0.8656,83.22,0
frame_000266_fish_02.png,686,735,734,784,0.8598,88.31,0
frame_000266_fish_03.png,1077,615,1156,669,0.5799,78.64,0
frame_000266_fish_04.png,688,735,758,792,0.3171,92.54,0
frame_000267_fish_00.png,955,565,1021,626,0.9116,80.69,0
frame_000267_fish_01.png,775,706,862,742,0.8960,76.68,0
frame_000267_fish_02.png,713,85,791,175,0.8943,89.13,0
frame_000267_fish_03.png,770,409,870,450,0.8920,87.79,0
frame_000267_fish_04.png,1152,643,1175,700,0.8461,81.78,0
frame_000268_fish_00.png,808,398,899,438,0.8999,82.72,0
frame_000268_fish_01.png,855,603,894,689,0.8990,78.98,0
frame_000268_fish_02.png,900,558,938,595,0.8841,77.34,0
frame_000268_fish_03.png,647,165,691,201,0.8412,87.23,0
frame_000268_fish_04.png,1140,649,1170,686,0.8032,75.72,0
frame_000268_fish_05.png,721,66,786,192,0.7785,87.21,0
frame_000269_fish_00.png,1119,651,1165,707,0.8954,90.60,0
frame_000269_fish_01.png,637,165,692,201,0.8861,84.99,0
frame_000269_fish_02.png,890,410,939,501,0.8686,81.37,0
frame_000269_fish_03.png,851,372,906,415,0.8400,80.83,0
frame_000269_fish_04.png,899,575,935,614,0.7711,84.75,0
frame_000270_fish_00.png,1124,613,1174,674,0.8986,87.43,0
frame_000270_fish_01.png,626,162,691,200,0.8764,84.23,0
frame_000270_fish_02.png,891,598,937,630,0.8738,74.93,0
frame_000270_fish_03.png,867,270,909,352,0.8668,86.60,0
frame_000270_fish_04.png,836,359,908,399,0.8657,80.90,0
frame_000271_fish_00.png,1126,538,1156,626,0.8833,89.73,0
frame_000271_fish_01.png,604,152,679,202,0.8790,85.61,0
frame_000271_fish_02.png,785,313,860,348,0.8545,86.36,0
frame_000271_fish_03.png,878,639,904,668,0.6521,79.44,0
frame_000272_fish_00.png,876,656,929,709,0.9009,81.73,0
frame_000272_fish_01.png,1073,459,1122,533,0.8921,91.65,0
frame_000272_fish_02.png,768,294,806,358,0.8726,87.77,0
frame_000272_fish_03.png,603,153,661,202,0.8618,88.92,0
frame_000272_fish_04.png,565,438,593,509,0.2548,95.60,0
frame_000273_fish_00.png,888,668,945,706,0.8932,82.71,0
frame_000273_fish_01.png,1014,398,1074,476,0.8930,91.63,0
frame_000273_fish_02.png,894,174,948,214,0.8079,87.41,0
frame_000273_fish_03.png,794,245,845,338,0.7831,91.46,0
frame_000274_fish_00.png,919,674,975,714,0.8943,78.86,0
frame_000274_fish_01.png,996,336,1027,432,0.8449,87.28,0
frame_000274_fish_02.png,596,213,654,273,0.8438,89.11,0
frame_000275_fish_00.png,632,267,704,344,0.8898,88.33,0
frame_000275_fish_01.png,945,671,1017,713,0.8893,83.20,0
frame_000275_fish_02.png,754,72,831,122,0.4533,90.37,0
frame_000276_fish_00.png,983,678,1064,708,0.9078,82.21,0
frame_000276_fish_01.png,736,421,796,513,0.8802,89.71,0
frame_000277_fish_00.png,930,318,982,413,0.8873,90.18,0
frame_000277_fish_01.png,1043,692,1117,731,0.8866,81.33,0
frame_000277_fish_02.png,830,600,909,674,0.8707,81.98,0
frame_000278_fish_00.png,1106,720,1182,767,0.8817,80.42,0
frame_000278_fish_01.png,980,437,1068,478,0.8759,85.85,0
frame_000278_fish_02.png,965,732,1034,802,0.8749,89.24,0
frame_000278_fish_03.png,946,315,986,399,0.8690,91.26,0
frame_000279_fish_00.png,1099,460,1173,541,0.9045,89.02,0
frame_000279_fish_01.png,1170,765,1247,801,0.8919,75.57,0
frame_000279_fish_02.png,877,433,961,473,0.8792,90.42,0
frame_000279_fish_03.png,1053,778,1074,827,0.4543,87.76,0
frame_000280_fish_00.png,1227,742,1286,804,0.9087,83.82,0
frame_000280_fish_01.png,816,477,889,527,0.8907,93.13,0
frame_000280_fish_02.png,1179,565,1208,664,0.8475,85.94,0
frame_000281_fish_00.png,1122,754,1197,811,0.8859,85.24,0
frame_000281_fish_01.png,1267,684,1294,755,0.8819,84.84,0
frame_000281_fish_02.png,798,497,824,588,0.8652,87.77,0
frame_000281_fish_03.png,565,437,592,508,0.2843,95.55,0
frame_000282_fish_00.png,1278,644,1307,701,0.8797,84.67,0
frame_000282_fish_01.png,837,567,903,636,0.8383,88.72,0
frame_000282_fish_02.png,1017,821,1094,875,0.6980,85.19,0
frame_000282_fish_03.png,565,436,592,508,0.2757,95.34,0
frame_000283_fish_00.png,1256,596,1297,666,0.8972,78.59,0
frame_000283_fish_01.png,565,435,592,508,0.4127,95.29,0
frame_000284_fish_00.png,1237,559,1279,632,0.9019,79.29,0
frame_000284_fish_01.png,916,533,965,616,0.8911,80.60,0
frame_000284_fish_02.png,881,846,953,881,0.6889,92.95,0
frame_000284_fish_03.png,770,796,853,828,0.5074,88.19,0
frame_000284_fish_04.png,565,435,592,508,0.4540,95.25,0
frame_000285_fish_00.png,1233,555,1267,627,0.8949,80.15,0
frame_000285_fish_01.png,818,804,871,852,0.8862,89.31,0
frame_000285_fish_02.png,927,471,955,550,0.8770,77.90,0
frame_000285_fish_03.png,926,399,958,541,0.4218,82.76,0
frame_000285_fish_04.png,565,436,593,508,0.2924,95.51,0
frame_000285_fish_05.png,927,399,958,505,0.2599,83.10,0
frame_000286_fish_00.png,739,637,796,726,0.9021,82.98,0
frame_000286_fish_01.png,1231,558,1255,620,0.8565,80.41,0
frame_000286_fish_02.png,908,433,986,464,0.8523,79.86,0
frame_000286_fish_03.png,565,436,593,508,0.2596,95.28,0
frame_000287_fish_00.png,1234,568,1287,616,0.8858,84.26,0
frame_000287_fish_01.png,619,728,705,773,0.8831,85.69,0
frame_000287_fish_02.png,770,446,831,470,0.8750,92.69,0
frame_000287_fish_03.png,696,540,758,605,0.8722,84.55,0
frame_000287_fish_04.png,565,435,592,509,0.3801,95.21,0
frame_000288_fish_00.png,1257,557,1322,618,0.9060,83.08,0
frame_000288_fish_01.png,617,423,658,512,0.8808,77.34,0
frame_000288_fish_02.png,650,379,703,474,0.8715,86.26,0
frame_000288_fish_03.png,565,436,592,509,0.8009,95.11,0
frame_000289_fish_00.png,1273,517,1301,583,0.8524,87.79,0
frame_000289_fish_01.png,617,701,649,741,0.8225,82.27,0
frame_000289_fish_02.png,1088,262,1138,334,0.8028,88.92,0
frame_000289_fish_03.png,622,309,668,412,0.7839,82.37,0
frame_000289_fish_04.png,565,435,592,509,0.4194,95.18,0
frame_000290_fish_00.png,1233,475,1293,542,0.9055,84.27,0
frame_000290_fish_01.png,668,625,713,687,0.8963,80.64,0
frame_000290_fish_02.png,1069,302,1142,374,0.8923,92.82,0
frame_000290_fish_03.png,635,277,677,372,0.8687,88.42,0
frame_000290_fish_04.png,565,436,592,509,0.5557,94.90,0
frame_000291_fish_00.png,1184,449,1245,530,0.8937,85.99,0
frame_000291_fish_01.png,756,570,804,619,0.8799,78.77,0
frame_000291_fish_02.png,1052,329,1086,423,0.8738,88.99,0
frame_000291_fish_03.png,643,302,711,369,0.8682,92.88,0
frame_000291_fish_04.png,565,435,593,508,0.5236,95.12,0
frame_000292_fish_00.png,813,635,886,719,0.8925,83.24,0
frame_000292_fish_01.png,1086,467,1142,503,0.8817,76.79,0
frame_000292_fish_02.png,661,356,736,387,0.8661,89.72,0
frame_000292_fish_03.png,1033,401,1058,490,0.8542,85.29,0
frame_000292_fish_04.png,614,179,661,274,0.7685,90.72,0
frame_000292_fish_05.png,565,436,592,508,0.5618,95.34,0
frame_000293_fish_00.png,685,342,747,421,0.8955,92.14,0
frame_000293_fish_01.png,601,177,681,237,0.8903,86.69,0
frame_000293_fish_02.png,862,94,913,133,0.7480,86.45,0
frame_000293_fish_03.png,566,436,592,508,0.5917,95.45,0
frame_000294_fish_00.png,1012,776,1062,857,0.9000,89.32,0
frame_000294_fish_01.png,1052,533,1115,565,0.8914,76.61,0
frame_000294_fish_02.png,578,166,636,229,0.8211,88.64,0
frame_000294_fish_03.png,711,378,787,414,0.8056,90.86,0
frame_000294_fish_04.png,565,435,592,508,0.3472,95.61,0
frame_000295_fish_00.png,1086,551,1142,584,0.8873,78.25,0
frame_000295_fish_01.png,969,803,1056,841,0.8760,83.94,0
frame_000295_fish_02.png,759,401,829,442,0.8714,94.14,0
frame_000295_fish_03.png,920,774,974,829,0.4851,89.00,0
frame_000296_fish_00.png,1110,575,1166,608,0.8853,77.63,0
frame_000296_fish_01.png,946,768,997,812,0.8797,89.03,0
frame_000296_fish_02.png,806,402,835,473,0.8659,94.46,0
frame_000297_fish_00.png,945,763,988,819,0.8957,82.04,0
frame_000297_fish_01.png,1161,562,1193,597,0.8739,79.14,0
frame_000297_fish_02.png,817,409,838,478,0.8452,92.61,0
frame_000297_fish_03.png,591,253,633,285,0.8100,86.83,0
frame_000297_fish_04.png,565,439,592,508,0.3542,95.70,0
frame_000298_fish_00.png,1092,556,1161,597,0.9028,78.21,0
frame_000298_fish_01.png,955,784,1007,873,0.8845,90.07,0
frame_000298_fish_02.png,827,440,867,476,0.8841,88.39,0
frame_000298_fish_03.png,610,294,673,345,0.8576,88.04,0
frame_000298_fish_04.png,867,59,915,164,0.6609,90.29,0
frame_000298_fish_05.png,741,804,819,862,0.5481,92.77,0
frame_000298_fish_06.png,566,438,592,509,0.4039,95.69,0
frame_000299_fish_00.png,633,332,733,412,0.9121,89.53,0
frame_000299_fish_01.png,1051,549,1118,614,0.9117,81.66,0
frame_000299_fish_02.png,856,455,916,546,0.8840,85.92,0
frame_000299_fish_03.png,967,816,1040,859,0.8740,88.11,0
frame_000299_fish_04.png,565,437,592,508,0.7051,95.89,0
frame_000300_fish_00.png,881,543,954,612,0.9068,92.90,0
frame_000300_fish_01.png,745,430,792,522,0.8967,88.50,0
frame_000300_fish_02.png,1030,852,1065,926,0.8669,94.88,0
frame_000300_fish_03.png,1040,570,1067,622,0.8490,84.90,0
frame_000300_fish_04.png,565,438,591,509,0.2609,95.88,0
frame_000301_fish_00.png,1047,582,1090,627,0.8927,83.19,0
frame_000301_fish_01.png,1051,878,1097,914,0.8640,95.23,0
frame_000301_fish_02.png,772,604,864,645,0.8566,86.49,0
frame_000301_fish_03.png,750,627,790,693,0.7519,84.90,0
frame_000301_fish_04.png,750,607,835,693,0.4006,89.22,0
frame_000301_fish_05.png,565,438,591,509,0.3398,95.49,0
frame_000302_fish_00.png,688,613,776,668,0.9045,90.89,0
frame_000302_fish_01.png,665,719,734,792,0.8904,82.71,0
frame_000302_fish_02.png,1054,592,1125,635,0.8886,82.45,0
frame_000302_fish_03.png,640,726,673,789,0.7618,83.73,0
frame_000302_fish_04.png,1065,834,1095,868,0.6518,89.27,0
frame_000302_fish_05.png,858,111,903,149,0.2736,87.06,0
frame_000303_fish_00.png,573,778,671,839,0.8874,82.84,0
frame_000303_fish_01.png,1086,582,1116,626,0.8717,82.75,0
frame_000303_fish_02.png,665,702,711,752,0.8176,84.39,0
frame_000303_fish_03.png,684,615,715,680,0.7136,82.87,0
frame_000303_fish_04.png,685,615,738,681,0.6745,88.71,0
frame_000303_fish_05.png,565,438,591,509,0.3974,95.57,0
frame_000304_fish_00.png,1069,594,1111,631,0.8768,84.64,0
frame_000304_fish_01.png,696,529,757,608,0.8696,91.49,0
frame_000304_fish_02.png,550,829,616,866,0.8643,91.00,0
frame_000304_fish_03.png,638,761,718,829,0.8505,92.77,0
frame_000304_fish_04.png,565,436,591,509,0.4202,95.51,0
frame_000305_fish_00.png,727,498,777,593,0.8927,84.93,0
frame_000305_fish_01.png,555,805,636,871,0.8857,92.19,0
frame_000305_fish_02.png,565,437,591,509,0.4892,95.53,0
frame_000306_fish_00.png,1013,627,1076,656,0.8874,80.09,0
frame_000306_fish_01.png,753,478,792,575,0.8800,86.79,0
frame_000306_fish_02.png,681,827,740,862,0.8747,88.37,0
frame_000306_fish_03.png,863,118,927,192,0.7928,93.81,0
frame_000306_fish_04.png,565,437,591,509,0.4825,95.62,0
frame_000307_fish_00.png,1059,631,1131,664,0.9043,78.20,0
frame_000307_fish_01.png,769,782,792,836,0.8907,81.19,0
frame_000307_fish_02.png,1053,822,1103,855,0.8801,85.86,0
frame_000307_fish_03.png,764,480,802,529,0.8607,90.83,0
frame_000307_fish_04.png,643,782,708,833,0.6817,91.02,0
frame_000307_fish_05.png,565,435,591,509,0.5463,95.58,0
frame_000308_fish_00.png,777,468,809,531,0.8951,93.45,0
frame_000308_fish_01.png,732,685,788,783,0.8846,82.39,0
frame_000308_fish_02.png,1097,646,1156,683,0.8819,80.27,0
frame_000308_fish_03.png,1061,810,1101,845,0.8739,86.89,0
frame_000308_fish_04.png,565,437,591,508,0.3114,95.50,0
frame_000309_fish_00.png,697,594,746,687,0.9072,77.97,0
frame_000309_fish_01.png,1128,622,1148,682,0.8742,79.50,0
frame_000309_fish_02.png,1085,759,1109,808,0.8673,84.19,0
frame_000309_fish_03.png,565,436,592,508,0.4248,95.50,0
frame_000310_fish_00.png,1087,562,1124,626,0.9081,83.93,0
frame_000310_fish_01.png,1069,665,1106,728,0.9016,79.64,0
frame_000310_fish_02.png,664,493,725,597,0.8941,82.83,0
frame_000310_fish_03.png,766,460,820,547,0.8891,91.73,0
frame_000310_fish_04.png,599,104,745,161,0.5660,83.94,0
frame_000310_fish_05.png,565,436,591,509,0.3500,95.60,0
frame_000311_fish_00.png,1037,497,1089,565,0.9106,82.35,0
frame_000311_fish_01.png,1037,579,1090,660,0.9039,92.43,0
frame_000311_fish_02.png,638,409,684,520,0.8936,83.68,0
frame_000311_fish_03.png,755,536,790,612,0.8804,76.95,0
frame_000311_fish_04.png,672,132,800,193,0.7561,83.01,0
frame_000311_fish_05.png,565,437,592,509,0.6906,95.77,0
frame_000312_fish_00.png,738,543,774,609,0.8926,79.72,0
frame_000312_fish_01.png,791,677,835,768,0.8880,86.71,0
frame_000312_fish_02.png,715,151,846,216,0.8854,84.85,0
frame_000312_fish_03.png,610,320,655,431,0.8841,86.35,0
frame_000312_fish_04.png,1014,468,1075,585,0.7784,86.49,0
frame_000312_fish_05.png,1014,468,1072,537,0.7782,80.67,0
frame_000312_fish_06.png,565,436,591,508,0.6505,95.64,0
frame_000313_fish_00.png,727,468,784,522,0.9070,86.43,0
frame_000313_fish_01.png,1077,512,1125,584,0.8975,92.65,0
frame_000313_fish_02.png,863,482,911,582,0.8952,89.83,0
frame_000313_fish_03.png,961,476,1049,513,0.8825,75.18,0
frame_000313_fish_04.png,760,137,888,222,0.8168,87.26,0
frame_000313_fish_05.png,564,438,591,508,0.4311,95.80,0
frame_000314_fish_00.png,894,533,973,564,0.8991,73.29,0
frame_000314_fish_01.png,936,334,979,415,0.8934,87.49,0
frame_000314_fish_02.png,1110,501,1142,591,0.8882,88.63,0
frame_000314_fish_03.png,750,427,832,471,0.8522,93.85,0
frame_000314_fish_04.png,811,106,934,198,0.8505,87.24,0
frame_000314_fish_05.png,572,192,628,287,0.8221,94.95,0
frame_000314_fish_06.png,564,437,591,508,0.4598,95.82,0
frame_000315_fish_00.png,760,579,835,621,0.9094,78.83,0
frame_000315_fish_01.png,1123,519,1177,581,0.9002,83.99,0
frame_000315_fish_02.png,945,303,1023,367,0.8924,90.46,0
frame_000315_fish_03.png,767,396,842,437,0.8902,94.52,0
frame_000315_fish_04.png,584,173,631,277,0.7562,93.53,0
frame_000315_fish_05.png,838,92,956,158,0.6930,82.85,0
frame_000315_fish_06.png,565,437,591,508,0.4583,95.66,0
frame_000316_fish_00.png,1165,588,1224,665,0.8970,89.88,0
frame_000316_fish_01.png,643,603,704,633,0.8933,73.38,0
frame_000316_fish_02.png,575,162,641,211,0.8925,85.11,0
frame_000316_fish_03.png,804,377,838,444,0.8711,89.70,0
frame_000316_fish_04.png,564,437,592,508,0.5542,95.70,0
frame_000317_fish_00.png,561,163,644,205,0.8795,83.49,0
frame_000317_fish_01.png,732,392,810,437,0.8753,93.84,0
frame_000317_fish_02.png,588,565,632,651,0.8724,80.33,0
frame_000317_fish_03.png,1260,681,1355,721,0.8645,81.17,0
frame_000317_fish_04.png,564,437,591,507,0.3643,95.88,0
frame_000318_fish_00.png,1338,696,1386,756,0.8876,90.58,0
frame_000318_fish_01.png,588,561,622,648,0.8825,73.20,0
frame_000318_fish_02.png,687,361,747,411,0.8618,92.93,0
frame_000318_fish_03.png,567,166,644,204,0.8485,86.82,0
frame_000318_fish_04.png,565,437,591,508,0.5207,95.58,0
frame_000319_fish_00.png,663,299,708,397,0.8959,88.82,0
frame_000319_fish_01.png,1350,695,1380,762,0.8843,88.06,0
frame_000319_fish_02.png,601,570,632,666,0.8825,76.04,0
frame_000319_fish_03.png,578,167,673,203,0.8664,83.37,0
frame_000319_fish_04.png,565,437,591,509,0.5477,95.82,0
frame_000320_fish_00.png,608,163,691,205,0.8613,87.81,0
frame_000320_fish_01.png,597,620,627,672,0.8514,87.10,0
frame_000320_fish_02.png,1356,688,1382,764,0.8253,91.16,0
frame_000320_fish_03.png,565,438,591,509,0.3344,95.61,0
frame_000321_fish_00.png,1352,701,1391,756,0.8875,91.34,0
frame_000321_fish_01.png,586,661,650,707,0.8804,81.51,0
frame_000321_fish_02.png,623,162,663,228,0.7397,86.01,0
frame_000321_fish_03.png,565,436,591,508,0.3473,95.68,0
frame_000322_fish_00.png,631,700,692,756,0.9012,78.62,0
frame_000322_fish_01.png,1338,728,1377,781,0.8990,86.26,0
frame_000322_fish_02.png,979,305,1036,391,0.8511,90.87,0
frame_000322_fish_03.png,588,148,644,278,0.7348,92.93,0
frame_000322_fish_04.png,565,437,591,509,0.2745,95.61,0
frame_000323_fish_00.png,660,740,732,798,0.8932,81.41,0
frame_000323_fish_01.png,1319,739,1365,802,0.8741,90.24,0
frame_000323_fish_02.png,597,148,650,212,0.8311,87.25,0
frame_000323_fish_03.png,1039,360,1093,389,0.5249,86.42,0
frame_000323_fish_04.png,565,437,591,509,0.2967,95.79,0
frame_000324_fish_00.png,704,769,778,821,0.9013,80.89,0
frame_000324_fish_01.png,1078,293,1136,354,0.9004,89.31,0
frame_000324_fish_02.png,1318,733,1354,811,0.8726,91.41,0
frame_000324_fish_03.png,590,158,651,206,0.8388,90.87,0
frame_000324_fish_04.png,564,437,591,508,0.3211,95.73,0
frame_000325_fish_00.png,747,791,830,820,0.8932,72.40,0
frame_000325_fish_01.png,1129,266,1171,330,0.8809,80.83,0
frame_000325_fish_02.png,1307,717,1335,799,0.8674,89.93,0
frame_000325_fish_03.png,565,437,591,508,0.3565,95.75,0
frame_000326_fish_00.png,782,787,859,822,0.9097,77.72,0
frame_000326_fish_01.png,1305,707,1329,783,0.8594,88.60,0
frame_000326_fish_02.png,1131,283,1182,348,0.7455,85.50,0
frame_000326_fish_03.png,564,436,591,508,0.2866,95.79,0
frame_000327_fish_00.png,813,755,875,821,0.9090,82.46,0
frame_000327_fish_01.png,1233,654,1306,729,0.9038,92.05,0
frame_000327_fish_02.png,1107,289,1169,328,0.8310,81.71,0
frame_000327_fish_03.png,722,284,746,345,0.6920,84.37,0
frame_000327_fish_04.png,564,437,591,508,0.3694,95.82,0
frame_000328_fish_00.png,838,726,882,789,0.9082,82.02,0
frame_000328_fish_01.png,1210,597,1230,690,0.8475,83.83,0
frame_000328_fish_02.png,1139,273,1189,360,0.8443,90.15,0
frame_000328_fish_03.png,721,270,751,348,0.4465,88.45,0
frame_000328_fish_04.png,564,436,591,508,0.3010,95.89,0
frame_000329_fish_00.png,853,711,886,782,0.8969,83.84,0
frame_000329_fish_01.png,1168,315,1208,424,0.8834,90.07,0
frame_000329_fish_02.png,1210,599,1232,688,0.8723,83.54,0
frame_000329_fish_03.png,564,437,591,507,0.4032,95.77,0
frame_000330_fish_00.png,859,704,887,750,0.9040,84.83,0
frame_000330_fish_01.png,1209,616,1231,706,0.8774,80.78,0
frame_000330_fish_02.png,1214,393,1257,500,0.8751,90.70,0
frame_000330_fish_03.png,749,320,778,377,0.8127,89.67,0
frame_000330_fish_04.png,564,437,591,507,0.3667,95.88,0
frame_000331_fish_00.png,861,693,892,728,0.9044,80.49,0
frame_000331_fish_01.png,1190,462,1258,551,0.9021,91.49,0
frame_000331_fish_02.png,1198,623,1249,712,0.8939,86.31,0
frame_000331_fish_03.png,766,353,808,405,0.8698,93.54,0
frame_000331_fish_04.png,628,164,674,203,0.2988,90.88,0
frame_000331_fish_05.png,565,437,591,509,0.2889,95.64,0
frame_000332_fish_00.png,1196,613,1229,705,0.8969,81.56,0
frame_000332_fish_01.png,859,680,917,712,0.8908,72.57,0
frame_000332_fish_02.png,1184,390,1215,498,0.8586,85.54,0
frame_000332_fish_03.png,768,386,809,435,0.7668,93.24,0
frame_000332_fish_04.png,608,176,667,211,0.7056,88.33,0
frame_000332_fish_05.png,565,436,591,508,0.3521,95.58,0
frame_000333_fish_00.png,863,682,938,726,0.8987,78.33,0
frame_000333_fish_01.png,765,416,813,477,0.8712,94.15,0
frame_000333_fish_02.png,1198,630,1222,700,0.8489,85.34,0
frame_000333_fish_03.png,585,177,642,218,0.8265,86.94,0
frame_000333_fish_04.png,1197,375,1221,449,0.8242,85.03,0
frame_000334_fish_00.png,869,706,942,756,0.9014,81.43,0
frame_000334_fish_01.png,1119,263,1181,342,0.8981,74.99,0
frame_000334_fish_02.png,1209,647,1254,689,0.8968,76.20,0
frame_000334_fish_03.png,1172,386,1230,424,0.8663,77.73,0
frame_000334_fish_04.png,774,412,808,485,0.8644,95.08,0
frame_000334_fish_05.png,574,181,612,214,0.4048,87.31,0
frame_000334_fish_06.png,565,436,591,508,0.3720,95.82,0
frame_000335_fish_00.png,1218,679,1257,716,0.8959,74.62,0
frame_000335_fish_01.png,873,727,953,757,0.8899,72.45,0
frame_000335_fish_02.png,774,396,873,451,0.8772,88.65,0
frame_000335_fish_03.png,564,436,592,507,0.3781,95.62,0
frame_000336_fish_00.png,886,720,953,759,0.9055,78.65,0
frame_000336_fish_01.png,1181,663,1230,740,0.9053,86.57,0
frame_000336_fish_02.png,868,372,934,425,0.8701,80.19,0
frame_000336_fish_03.png,564,434,591,508,0.3879,95.69,0
frame_000337_fish_00.png,1136,627,1199,708,0.9086,88.04,0
frame_000337_fish_01.png,907,695,936,741,0.8832,79.81,0
frame_000337_fish_02.png,897,346,929,386,0.2770,83.13,0
frame_000337_fish_03.png,564,435,591,508,0.2649,95.75,0
frame_000338_fish_00.png,871,670,914,706,0.9021,74.98,0
frame_000338_fish_01.png,1105,589,1150,669,0.8937,89.66,0
frame_000338_fish_02.png,1103,291,1172,376,0.8829,81.45,0
frame_000338_fish_03.png,855,323,928,364,0.8739,77.79,0
frame_000338_fish_04.png,1215,247,1270,287,0.8046,85.95,0
frame_000339_fish_00.png,867,689,906,736,0.9018,77.06,0
frame_000339_fish_01.png,803,324,878,386,0.8860,91.70,0
frame_000339_fish_02.png,558,338,624,426,0.8799,87.54,0
frame_000339_fish_03.png,1115,570,1143,653,0.8711,88.12,0
frame_000339_fish_04.png,1158,329,1203,376,0.8663,85.73,0
frame_000339_fish_05.png,565,436,592,509,0.8010,95.85,0
frame_000340_fish_00.png,871,738,937,771,0.9030,74.62,0
frame_000340_fish_01.png,1132,557,1192,633,0.9027,90.95,0
frame_000340_fish_02.png,565,438,591,509,0.7784,95.42,0
frame_000340_fish_03.png,588,454,661,571,0.7729,87.44,0
frame_000340_fish_04.png,792,347,825,383,0.7674,90.24,0
frame_000340_fish_05.png,1197,180,1247,304,0.5736,83.33,0
frame_000341_fish_00.png,906,768,990,798,0.9048,73.11,0
frame_000341_fish_01.png,653,609,739,694,0.9012,84.01,0
frame_000341_fish_02.png,814,351,875,395,0.8808,84.27,0
frame_000341_fish_03.png,1186,569,1222,620,0.8172,85.68,0
frame_000341_fish_04.png,565,436,591,509,0.2796,95.62,0
frame_000342_fish_00.png,978,802,1060,834,0.8964,81.17,0
frame_000342_fish_01.png,1193,593,1242,627,0.8927,77.27,0
frame_000342_fish_02.png,736,719,842,774,0.8893,78.80,0
frame_000342_fish_03.png,852,375,949,417,0.8736,79.68,0
frame_000342_fish_04.png,564,436,591,509,0.3162,95.87,0
frame_000342_fish_05.png,678,100,750,132,0.2514,92.27,0
frame_000343_fish_00.png,979,368,1063,414,0.8841,82.74,0
frame_000343_fish_01.png,1201,618,1253,651,0.8839,79.04,0
frame_000343_fish_02.png,1034,832,1117,863,0.8834,74.57,0
frame_000343_fish_03.png,853,794,962,850,0.8817,78.14,0
frame_000343_fish_04.png,564,436,591,508,0.3909,95.75,0
frame_000344_fish_00.png,1197,635,1263,673,0.9011,81.40,0
frame_000344_fish_01.png,1072,316,1140,363,0.8760,79.90,0
frame_000344_fish_02.png,1002,861,1102,899,0.8552,76.34,0
frame_000344_fish_03.png,1001,859,1159,899,0.8472,75.82,0
frame_000344_fish_04.png,1076,858,1161,898,0.7385,73.18,0
frame_000344_fish_05.png,565,436,591,508,0.5544,95.62,0
frame_000345_fish_00.png,1210,659,1260,692,0.8859,79.05,0
frame_000345_fish_01.png,1034,302,1136,355,0.8844,82.93,0
frame_000345_fish_02.png,1149,860,1261,896,0.8105,72.56,0
frame_000345_fish_03.png,1146,819,1214,895,0.6668,85.34,0
frame_000345_fish_04.png,564,436,591,508,0.4220,95.72,0
frame_000345_fish_05.png,1146,820,1256,896,0.4157,84.19,0
frame_000346_fish_00.png,1166,811,1228,846,0.9244,76.13,0
frame_000346_fish_01.png,1229,679,1282,713,0.9029,76.98,0
frame_000346_fish_02.png,1295,853,1372,893,0.8891,84.38,0
frame_000346_fish_03.png,867,327,957,379,0.8839,82.39,0
frame_000346_fish_04.png,564,436,591,508,0.4339,95.75,0
frame_000347_fish_00.png,1116,830,1195,862,0.8980,75.27,0
frame_000347_fish_01.png,789,340,881,404,0.8948,88.51,0
frame_000347_fish_02.png,1333,841,1399,878,0.8835,80.84,0
frame_000347_fish_03.png,1255,685,1285,734,0.8795,82.49,0
frame_000347_fish_04.png,565,436,591,509,0.3791,95.53,0
frame_000347_fish_05.png,1032,276,1096,336,0.2689,81.92,0
frame_000347_fish_06.png,627,91,687,135,0.2681,87.18,0
frame_000348_fish_00.png,1188,703,1257,753,0.9031,79.01,0
frame_000348_fish_01.png,1060,853,1138,886,0.8822,85.21,0
frame_000348_fish_02.png,1195,825,1301,864,0.8803,78.01,0
frame_000348_fish_03.png,1030,305,1112,346,0.8459,82.46,0
frame_000348_fish_04.png,637,97,718,135,0.8272,88.88,0
frame_000348_fish_05.png,791,340,819,384,0.7920,90.99,0
frame_000348_fish_06.png,564,435,591,509,0.5256,95.43,0
frame_000349_fish_00.png,1079,821,1159,875,0.9032,89.76,0
frame_000349_fish_01.png,1098,727,1180,769,0.8846,80.09,0
frame_000349_fish_02.png,978,868,1054,899,0.8669,91.68,0
frame_000349_fish_03.png,810,312,836,389,0.8009,90.15,0
frame_000349_fish_04.png,564,436,591,509,0.6538,95.45,0
frame_000350_fish_00.png,1018,715,1093,750,0.9009,86.04,0
frame_000350_fish_01.png,791,332,868,401,0.8973,88.47,0
frame_000350_fish_02.png,1001,860,1081,894,0.8924,90.57,0
frame_000350_fish_03.png,922,866,982,903,0.8061,94.26,0
frame_000350_fish_04.png,564,436,591,509,0.6027,95.51,0
frame_000351_fish_00.png,926,708,992,765,0.9024,87.01,0
frame_000351_fish_01.png,766,360,847,422,0.8952,91.20,0
frame_000351_fish_02.png,839,842,903,877,0.8677,91.49,0
frame_000351_fish_03.png,925,826,1011,873,0.8485,90.48,0
frame_000351_fish_04.png,565,435,592,509,0.6199,95.30,0
frame_000352_fish_00.png,771,822,815,858,0.8737,89.99,0
frame_000352_fish_01.png,807,792,892,825,0.8697,86.96,0
frame_000352_fish_02.png,577,110,673,153,0.8668,83.25,0
frame_000352_fish_03.png,564,435,592,508,0.3984,95.27,0
frame_000353_fish_00.png,726,814,795,855,0.8930,89.64,0
frame_000353_fish_01.png,751,379,801,420,0.8748,81.50,0
frame_000353_fish_02.png,565,436,592,509,0.5229,95.44,0
frame_000354_fish_00.png,680,811,754,863,0.9027,90.95,0
frame_000354_fish_01.png,745,377,813,420,0.8648,82.08,0
frame_000354_fish_02.png,586,106,669,148,0.8647,86.90,0
frame_000354_fish_03.png,974,838,1048,879,0.8326,86.03,0
frame_000354_fish_04.png,564,435,592,508,0.5368,95.50,0
frame_000355_fish_00.png,633,749,704,806,0.8850,90.27,0
frame_000355_fish_01.png,744,374,828,418,0.8683,80.96,0
frame_000355_fish_02.png,564,436,592,508,0.5649,95.49,0
frame_000356_fish_00.png,607,700,667,759,0.9033,87.71,0
frame_000356_fish_01.png,754,355,838,418,0.8967,87.67,0
frame_000356_fish_02.png,564,435,592,508,0.6371,95.41,0
frame_000357_fish_00.png,583,685,654,719,0.8990,81.79,0
frame_000357_fish_01.png,766,343,834,404,0.8922,90.56,0
frame_000357_fish_02.png,742,861,776,888,0.7128,91.58,0
frame_000357_fish_03.png,564,435,592,508,0.6778,95.49,0
frame_000358_fish_00.png,781,314,833,390,0.8909,92.61,0
frame_000358_fish_01.png,564,436,591,509,0.6085,95.27,0
frame_000358_fish_02.png,715,846,753,878,0.5804,91.72,0
frame_000358_fish_03.png,889,179,934,209,0.5624,84.97,0
frame_000358_fish_04.png,806,88,902,156,0.2727,82.65,0
frame_000359_fish_00.png,610,842,684,876,0.7629,93.76,0
frame_000359_fish_01.png,853,140,954,212,0.6186,84.11,0
frame_000359_fish_02.png,564,434,591,509,0.5162,95.35,0
frame_000359_fish_03.png,990,817,1060,863,0.4422,89.05,0
frame_000360_fish_00.png,968,771,1025,845,0.8899,91.71,0
frame_000360_fish_01.png,552,889,615,921,0.8680,92.36,0
frame_000360_fish_02.png,565,435,591,509,0.5261,95.10,0
frame_000361_fish_00.png,993,320,1052,426,0.8694,84.71,0
frame_000361_fish_01.png,555,826,576,882,0.7579,93.05,0
frame_000361_fish_02.png,565,437,591,510,0.5424,95.13,0
frame_000362_fish_00.png,1006,436,1079,514,0.8935,83.44,0
frame_000362_fish_01.png,583,784,624,829,0.6447,90.60,0
frame_000362_fish_02.png,564,436,591,509,0.4368,95.49,0
frame_000363_fish_00.png,1087,403,1194,506,0.8834,85.91,0
frame_000363_fish_01.png,599,780,639,805,0.8488,88.58,0
frame_000363_fish_02.png,619,720,648,769,0.8233,85.76,0
frame_000363_fish_03.png,564,435,591,508,0.5051,95.38,0
frame_000364_fish_00.png,654,604,680,672,0.8878,75.23,0
frame_000364_fish_01.png,1149,341,1286,427,0.8824,84.23,0
frame_000364_fish_02.png,717,314,748,371,0.6810,87.05,0
frame_000364_fish_03.png,564,435,591,509,0.5571,95.42,0
frame_000364_fish_04.png,638,792,663,819,0.3250,90.21,0
frame_000365_fish_00.png,656,476,691,572,0.8846,75.15,0
frame_000365_fish_01.png,1196,329,1334,411,0.8732,85.14,0
frame_000365_fish_02.png,563,435,591,509,0.6764,95.08,0
frame_000365_fish_03.png,698,373,739,401,0.5646,88.59,0
frame_000366_fish_00.png,1272,384,1344,442,0.8837,78.19,0
frame_000366_fish_01.png,636,392,691,484,0.8774,85.90,0
frame_000366_fish_02.png,563,435,591,508,0.8313,95.16,0
frame_000367_fish_00.png,725,857,800,905,0.9122,92.87,0
frame_000367_fish_01.png,604,321,661,418,0.8834,84.55,0
frame_000367_fish_02.png,1111,416,1251,489,0.8827,84.57,0
frame_000367_fish_03.png,863,133,937,191,0.8734,92.40,0
frame_000367_fish_04.png,563,436,591,508,0.8150,95.17,0
frame_000367_fish_05.png,732,258,771,332,0.7938,89.72,0
frame_000367_fish_06.png,668,798,690,829,0.7088,89.86,0
frame_000368_fish_00.png,1025,359,1122,431,0.8980,84.44,0
frame_000368_fish_01.png,655,789,758,860,0.8868,93.08,0
frame_000368_fish_02.png,586,264,650,355,0.8862,88.32,0
frame_000368_fish_03.png,563,434,591,508,0.7631,95.37,0
frame_000369_fish_00.png,632,784,692,816,0.8497,82.86,0
frame_000369_fish_01.png,563,434,591,508,0.6334,95.44,0
frame_000369_fish_02.png,1000,281,1052,375,0.5415,87.43,0
frame_000369_fish_03.png,633,786,753,821,0.4182,86.76,0
frame_000370_fish_00.png,563,201,629,290,0.8834,92.82,0
frame_000370_fish_01.png,617,762,670,826,0.8308,81.60,0
frame_000370_fish_02.png,563,436,591,508,0.6348,95.37,0
frame_000370_fish_03.png,617,762,685,836,0.5264,85.41,0
frame_000371_fish_00.png,573,187,632,279,0.8862,91.62,0
frame_000371_fish_01.png,610,728,638,783,0.8722,77.49,0
frame_000371_fish_02.png,564,434,591,507,0.5494,95.30,0
frame_000372_fish_00.png,607,708,631,760,0.8749,81.42,0
frame_000372_fish_01.png,564,435,592,508,0.5295,95.38,0
frame_000373_fish_00.png,598,671,626,736,0.8772,71.91,0
frame_000373_fish_01.png,607,167,657,275,0.8272,86.94,0
frame_000373_fish_02.png,564,434,592,508,0.7261,95.08,0
frame_000374_fish_00.png,857,108,945,214,0.8840,85.05,0
frame_000374_fish_01.png,606,166,664,238,0.8485,84.71,0
frame_000374_fish_02.png,599,641,636,684,0.8156,85.79,0
frame_000374_fish_03.png,564,434,591,508,0.6419,95.33,0
frame_000374_fish_04.png,605,166,665,273,0.6164,89.29,0
frame_000375_fish_00.png,673,808,726,850,0.8802,89.33,0
frame_000375_fish_01.png,609,171,659,225,0.8361,88.15,0
frame_000375_fish_02.png,615,627,646,679,0.8308,73.36,0
frame_000375_fish_03.png,564,433,591,509,0.6109,95.50,0
frame_000376_fish_00.png,618,598,646,664,0.8589,70.11,0
frame_000376_fish_01.png,860,105,972,189,0.7765,86.41,0
frame_000376_fish_02.png,564,436,591,508,0.5850,95.43,0
frame_000376_fish_03.png,606,141,636,199,0.3590,81.46,0
frame_000377_fish_00.png,596,131,640,200,0.8689,84.84,0
frame_000377_fish_01.png,614,564,642,641,0.8647,73.95,0
frame_000377_fish_02.png,564,435,591,508,0.7019,95.35,0
frame_000378_fish_00.png,616,564,641,642,0.8712,74.03,0
frame_000378_fish_01.png,996,311,1074,363,0.8465,86.69,0
frame_000378_fish_02.png,564,435,591,508,0.6553,95.33,0
frame_000379_fish_00.png,564,435,591,508,0.6458,95.42,0
frame_000379_fish_01.png,623,569,662,633,0.5439,89.95,0
frame_000380_fish_00.png,629,560,672,601,0.8302,90.51,0
frame_000380_fish_01.png,657,263,692,308,0.8228,83.02,0
frame_000380_fish_02.png,564,435,591,508,0.7274,95.38,0
frame_000380_fish_03.png,587,182,635,276,0.4281,94.88,0
frame_000381_fish_00.png,677,277,717,369,0.8809,82.45,0
frame_000381_fish_01.png,620,574,692,617,0.8765,86.44,0
frame_000381_fish_02.png,564,435,592,507,0.7310,95.42,0
frame_000381_fish_03.png,588,203,629,277,0.3954,94.71,0
frame_000382_fish_00.png,661,602,712,662,0.8926,87.15,0
frame_000382_fish_01.png,684,372,725,429,0.8527,86.39,0
frame_000382_fish_02.png,564,436,591,507,0.6568,95.37,0
frame_000383_fish_00.png,704,640,749,680,0.8998,84.92,0
frame_000383_fish_01.png,604,268,638,301,0.8437,83.22,0
frame_000383_fish_02.png,564,435,591,508,0.5879,95.36,0
frame_000383_fish_03.png,700,419,747,459,0.5043,89.61,0
frame_000384_fish_00.png,734,647,805,694,0.8899,83.81,0
frame_000384_fish_01.png,637,309,732,351,0.8772,84.72,0
frame_000384_fish_02.png,563,435,591,508,0.7703,95.28,0
frame_000385_fish_00.png,774,670,847,715,0.9090,78.53,0
frame_000385_fish_01.png,711,381,753,466,0.8799,88.41,0
frame_000385_fish_02.png,709,308,807,393,0.8694,88.81,0
frame_000385_fish_03.png,564,436,592,508,0.6630,95.50,0
frame_000386_fish_00.png,834,427,869,506,0.9006,86.82,0
frame_000386_fish_01.png,816,697,886,746,0.8915,78.53,0
frame_000386_fish_02.png,717,363,753,445,0.8749,86.71,0
frame_000386_fish_03.png,564,435,591,508,0.4963,95.48,0
frame_000387_fish_00.png,861,707,921,767,0.9068,84.65,0
frame_000387_fish_01.png,721,358,754,441,0.8698,85.68,0
frame_000387_fish_02.png,878,580,902,661,0.8577,81.76,0
frame_000387_fish_03.png,564,436,591,509,0.4863,95.29,0
frame_000388_fish_00.png,755,814,816,874,0.9010,91.75,0
frame_000388_fish_01.png,722,356,762,426,0.8633,90.13,0
frame_000388_fish_02.png,918,713,980,770,0.7949,83.30,0
frame_000388_fish_03.png,917,712,961,768,0.7093,83.67,0
frame_000388_fish_04.png,564,435,591,509,0.6082,95.46,0
frame_000389_fish_00.png,936,741,1000,799,0.8506,89.44,0
frame_000389_fish_01.png,702,761,780,792,0.7892,88.49,0
frame_000389_fish_02.png,728,325,760,416,0.6361,93.51,0
frame_000389_fish_03.png,564,436,591,509,0.5665,95.23,0
frame_000390_fish_00.png,961,755,1003,784,0.8803,82.98,0
frame_000390_fish_01.png,851,792,933,829,0.7129,88.30,0
frame_000390_fish_02.png,564,435,591,508,0.6110,95.33,0
frame_000391_fish_00.png,988,735,1054,776,0.8914,86.03,0
frame_000391_fish_01.png,564,435,591,508,0.6408,95.25,0
frame_000391_fish_02.png,707,307,754,360,0.3212,95.20,0
frame_000392_fish_00.png,1031,726,1106,759,0.8986,81.52,0
frame_000392_fish_01.png,708,870,786,903,0.7961,89.24,0
frame_000392_fish_02.png,564,435,591,508,0.6421,95.20,0
frame_000392_fish_03.png,766,345,794,394,0.3480,91.69,0
frame_000393_fish_00.png,1078,738,1146,771,0.9034,79.65,0
frame_000393_fish_01.png,794,385,886,424,0.8771,83.36,0
frame_000393_fish_02.png,564,435,592,509,0.5999,95.31,0
frame_000393_fish_03.png,664,819,738,870,0.3067,91.79,0
frame_000394_fish_00.png,1122,766,1174,809,0.8914,82.08,0
frame_000394_fish_01.png,857,374,947,429,0.8818,85.61,0
frame_000394_fish_02.png,796,835,868,878,0.8669,91.26,0
frame_000394_fish_03.png,608,811,691,848,0.7546,90.18,0
frame_000394_fish_04.png,564,436,591,509,0.6058,95.31,0
frame_000395_fish_00.png,1146,786,1201,817,0.8881,80.14,0
frame_000395_fish_01.png,1087,289,1143,342,0.8650,86.90,0
frame_000395_fish_02.png,739,809,810,849,0.8639,90.20,0
frame_000395_fish_03.png,918,344,952,405,0.8601,86.99,0
frame_000395_fish_04.png,572,758,640,820,0.8299,91.55,0
frame_000395_fish_05.png,564,436,591,510,0.5353,95.22,0
frame_000396_fish_00.png,1110,299,1157,390,0.8771,90.01,0
frame_000396_fish_01.png,1170,792,1200,824,0.8664,82.31,0
frame_000396_fish_02.png,900,305,942,352,0.7250,79.22,0
frame_000396_fish_03.png,565,437,591,511,0.3894,95.17,0
frame_000397_fish_00.png,745,789,803,820,0.9095,87.01,0
frame_000397_fish_01.png,1157,791,1199,822,0.8941,78.56,0
frame_000397_fish_02.png,578,713,637,756,0.8517,86.09,0
frame_000397_fish_03.png,1134,400,1158,501,0.4550,88.50,0
frame_000397_fish_04.png,565,437,591,511,0.2960,95.26,0
frame_000398_fish_00.png,1112,536,1192,608,0.9150,93.23,0
frame_000398_fish_01.png,800,780,872,811,0.8986,85.40,0
frame_000398_fish_02.png,1138,790,1193,820,0.8871,79.89,0
frame_000398_fish_03.png,640,736,706,795,0.8803,89.46,0
frame_000398_fish_04.png,565,436,591,511,0.4255,95.18,0
frame_000399_fish_00.png,960,628,1038,703,0.9210,90.68,0
frame_000399_fish_01.png,1101,787,1172,817,0.9152,80.33,0
frame_000399_fish_02.png,739,735,768,788,0.8636,90.11,0
frame_000399_fish_03.png,870,784,938,816,0.8439,88.30,0
frame_000399_fish_04.png,564,437,591,510,0.3594,95.19,0
frame_000400_fish_00.png,1068,785,1132,819,0.9227,87.50,0
frame_000400_fish_01.png,835,734,933,783,0.8921,86.77,0
frame_000400_fish_02.png,754,665,793,718,0.8914,75.86,0
frame_000400_fish_03.png,955,780,1011,838,0.6936,93.42,0
frame_000400_fish_04.png,564,436,591,510,0.4092,95.39,0
frame_000401_fish_00.png,710,563,756,662,0.8871,84.17,0
frame_000401_fish_01.png,1033,772,1092,805,0.8691,86.53,0
frame_000401_fish_02.png,660,738,759,789,0.8684,87.83,0
frame_000401_fish_03.png,1010,307,1035,383,0.7343,83.70,0
frame_000401_fish_04.png,564,435,591,509,0.5785,95.43,0
frame_000401_fish_05.png,1010,817,1055,859,0.4296,89.72,0
frame_000402_fish_00.png,979,385,1043,456,0.8993,90.39,0
frame_000402_fish_01.png,670,465,724,558,0.8872,80.17,0
frame_000402_fish_02.png,1012,759,1056,798,0.8862,90.33,0
frame_000402_fish_03.png,1008,823,1053,865,0.6982,88.62,0
frame_000402_fish_04.png,564,436,591,510,0.5163,95.43,0
frame_000403_fish_00.png,1044,824,1104,871,0.8969,90.14,0
frame_000403_fish_01.png,642,367,704,468,0.8754,86.04,0
frame_000403_fish_02.png,982,746,1024,789,0.8626,92.02,0
frame_000403_fish_03.png,564,436,592,509,0.8127,95.39,0
frame_000403_fish_04.png,903,443,981,474,0.7907,83.85,0
frame_000403_fish_05.png,707,764,795,806,0.7795,88.91,0
frame_000404_fish_00.png,826,412,882,456,0.8853,94.58,0
frame_000404_fish_01.png,967,742,1006,781,0.8749,88.92,0
frame_000404_fish_02.png,612,300,669,393,0.8743,87.11,0
frame_000404_fish_03.png,564,436,592,509,0.7137,95.28,0
frame_000405_fish_00.png,603,269,654,334,0.8869,84.84,0
frame_000405_fish_01.png,955,744,1013,772,0.8739,85.30,0
frame_000405_fish_02.png,564,436,591,509,0.7132,95.30,0
frame_000406_fish_00.png,1094,764,1159,802,0.8913,82.45,0
frame_000406_fish_01.png,826,407,891,447,0.8802,85.92,0
frame_000406_fish_02.png,930,726,984,751,0.8775,81.29,0
frame_000406_fish_03.png,598,267,629,331,0.6573,85.58,0
frame_000406_fish_04.png,564,436,591,509,0.6459,95.21,0
frame_000406_fish_05.png,803,787,878,827,0.4792,88.10,0
frame_000407_fish_00.png,883,695,945,735,0.8864,80.50,0
frame_000407_fish_01.png,832,398,911,438,0.8841,81.96,0
frame_000407_fish_02.png,1153,708,1176,750,0.8788,83.73,0
frame_000407_fish_03.png,564,436,592,509,0.4561,95.19,0
frame_000408_fish_00.png,1124,636,1174,687,0.9025,78.86,0
frame_000408_fish_01.png,839,378,914,420,0.8857,75.62,0
frame_000408_fish_02.png,816,731,848,798,0.8784,83.91,0
frame_000408_fish_03.png,840,645,906,685,0.8776,82.26,0
frame_000408_fish_04.png,592,269,648,304,0.8591,84.86,0
frame_000408_fish_05.png,564,436,591,509,0.4755,95.24,0
frame_000409_fish_00.png,797,628,867,655,0.9042,72.72,0
frame_000409_fish_01.png,845,670,879,737,0.8963,77.11,0
frame_000409_fish_02.png,1109,561,1160,629,0.8960,89.55,0
frame_000409_fish_03.png,820,364,862,443,0.8801,89.65,0
frame_000409_fish_04.png,632,278,680,315,0.8644,87.20,0
frame_000409_fish_05.png,920,318,1031,350,0.8626,85.35,0
frame_000409_fish_06.png,564,436,592,509,0.2817,95.22,0
frame_000410_fish_00.png,923,521,956,617,0.9048,83.16,0
frame_000410_fish_01.png,876,285,932,359,0.8859,76.27,0
frame_000410_fish_02.png,632,285,686,325,0.8750,85.70,0
frame_000410_fish_03.png,761,613,824,643,0.8690,85.29,0
frame_000410_fish_04.png,824,374,853,437,0.8598,90.71,0
frame_000410_fish_05.png,1109,491,1132,558,0.8449,80.67,0
frame_000410_fish_06.png,564,436,592,509,0.6678,95.27,0
frame_000411_fish_00.png,1107,407,1147,474,0.8973,88.94,0
frame_000411_fish_01.png,981,383,1013,475,0.8901,84.04,0
frame_000411_fish_02.png,601,288,682,333,0.8859,88.28,0
frame_000411_fish_03.png,825,369,891,417,0.8825,87.71,0
frame_000411_fish_04.png,730,604,771,632,0.8445,82.06,0
frame_000411_fish_05.png,564,435,591,508,0.7763,95.23,0
frame_000412_fish_00.png,829,342,895,399,0.9016,86.02,0
frame_000412_fish_01.png,1012,322,1071,410,0.8937,86.53,0
frame_000412_fish_02.png,710,561,755,616,0.8827,87.32,0
frame_000412_fish_03.png,628,259,653,339,0.8079,84.45,0
frame_000412_fish_04.png,564,435,591,507,0.7136,95.47,0
frame_000413_fish_00.png,706,527,752,588,0.8876,85.10,0
frame_000413_fish_01.png,814,335,888,388,0.8824,89.00,0
frame_000413_fish_02.png,595,190,655,283,0.8042,91.59,0
frame_000413_fish_03.png,564,434,591,507,0.6420,95.38,0
frame_000414_fish_00.png,564,433,591,506,0.6968,95.36,0
frame_000414_fish_01.png,680,510,715,555,0.6700,88.25,0
frame_000414_fish_02.png,588,185,632,277,0.5177,94.63,0
frame_000415_fish_00.png,603,166,656,240,0.8717,86.69,0
frame_000415_fish_01.png,657,517,693,567,0.8472,83.94,0
frame_000415_fish_02.png,563,435,591,507,0.7673,95.47,0
frame_000415_fish_03.png,866,349,897,392,0.5715,86.82,0
frame_000416_fish_00.png,869,372,959,414,0.8913,77.97,0
frame_000416_fish_01.png,637,542,705,592,0.8232,86.80,0
frame_000416_fish_02.png,563,434,591,507,0.7941,95.30,0
frame_000416_fish_03.png,588,168,631,276,0.5360,92.59,0
frame_000417_fish_00.png,947,379,1050,418,0.8710,80.11,0
frame_000417_fish_01.png,651,566,750,602,0.8505,82.18,0
frame_000417_fish_02.png,589,160,641,277,0.8063,92.38,0
frame_000417_fish_03.png,563,435,591,506,0.7541,95.31,0
frame_000418_fish_00.png,723,562,795,609,0.8749,79.80,0
frame_000418_fish_01.png,563,436,592,507,0.7463,95.52,0
frame_000418_fish_02.png,589,178,646,275,0.5806,95.50,0
frame_000418_fish_03.png,1058,349,1093,398,0.2926,79.12,0
frame_000419_fish_00.png,998,368,1067,411,0.8870,79.94,0
frame_000419_fish_01.png,761,586,826,644,0.8729,83.26,0
frame_000419_fish_02.png,1143,300,1194,344,0.8221,85.48,0
frame_000419_fish_03.png,563,434,591,506,0.7071,95.37,0
frame_000420_fish_00.png,782,634,840,678,0.8931,78.39,0
frame_000420_fish_01.png,934,369,1022,409,0.8812,80.31,0
frame_000420_fish_02.png,1096,247,1175,348,0.8198,80.51,0
frame_000420_fish_03.png,595,153,648,213,0.8117,89.37,0
frame_000420_fish_04.png,563,434,591,506,0.6669,95.58,0
frame_000420_fish_05.png,827,256,921,323,0.6389,90.80,0
frame_000421_fish_00.png,802,658,853,688,0.8855,74.08,0
frame_000421_fish_01.png,884,363,962,414,0.8820,83.90,0
frame_000421_fish_02.png,1105,278,1194,353,0.8785,76.60,0
frame_000421_fish_03.png,889,280,948,338,0.8654,87.60,0
frame_000421_fish_04.png,563,437,591,505,0.6626,95.34,0
frame_000422_fish_00.png,808,660,860,710,0.9057,76.58,0
frame_000422_fish_01.png,837,370,932,420,0.8754,85.17,0
frame_000422_fish_02.png,608,148,679,195,0.8740,83.34,0
frame_000422_fish_03.png,1127,313,1213,374,0.8738,78.15,0
frame_000422_fish_04.png,868,313,956,344,0.8631,83.48,0
frame_000422_fish_05.png,563,436,591,505,0.6224,95.28,0
frame_000423_fish_00.png,815,678,876,739,0.9124,80.65,0
frame_000423_fish_01.png,816,380,908,423,0.8823,86.83,0
frame_000423_fish_02.png,1183,260,1229,375,0.8819,86.00,0
frame_000423_fish_03.png,848,288,914,338,0.8817,87.98,0
frame_000423_fish_04.png,563,435,591,505,0.6473,95.25,0
frame_000423_fish_05.png,625,169,670,208,0.4034,89.46,0
frame_000424_fish_00.png,834,699,890,767,0.9187,85.66,0
frame_000424_fish_01.png,816,387,860,428,0.8868,83.42,0
frame_000424_fish_02.png,563,435,591,507,0.5797,95.61,0
frame_000424_fish_03.png,602,178,654,221,0.3730,89.56,0
frame_000424_fish_04.png,594,179,654,274,0.3106,95.04,0
frame_000425_fish_00.png,861,719,910,784,0.9059,85.09,0
frame_000425_fish_01.png,810,277,868,337,0.8663,87.48,0
frame_000425_fish_02.png,837,366,916,414,0.8442,84.93,0
frame_000425_fish_03.png,602,166,690,218,0.8428,90.82,0
frame_000425_fish_04.png,563,436,591,507,0.6794,95.44,0
frame_000426_fish_00.png,867,737,917,797,0.9141,86.83,0
frame_000426_fish_01.png,895,345,954,394,0.7401,85.70,0
frame_000426_fish_02.png,817,269,887,312,0.7241,89.67,0
frame_000426_fish_03.png,563,436,591,507,0.6327,95.41,0
frame_000427_fish_00.png,895,745,933,803,0.9032,90.07,0
frame_000427_fish_01.png,879,342,939,394,0.8790,82.49,0
frame_000427_fish_02.png,564,436,591,507,0.6129,95.38,0
frame_000428_fish_00.png,852,342,940,403,0.8908,85.85,0
frame_000428_fish_01.png,564,436,592,508,0.6853,95.41,0
frame_000428_fish_02.png,936,739,954,799,0.6034,88.62,0
frame_000429_fish_00.png,830,343,912,381,0.8753,85.48,0
frame_000429_fish_01.png,964,747,992,808,0.8428,91.17,0
frame_000429_fish_02.png,563,434,591,508,0.6740,95.41,0
frame_000430_fish_00.png,988,769,1041,821,0.8986,90.10,0
frame_000430_fish_01.png,809,312,896,377,0.8870,89.24,0
frame_000430_fish_02.png,633,161,690,202,0.8433,86.84,0
frame_000430_fish_03.png,564,435,591,509,0.6931,95.36,0
frame_000431_fish_00.png,777,332,870,397,0.8890,88.91,0
frame_000431_fish_01.png,996,781,1057,825,0.8804,89.12,0
frame_000431_fish_02.png,563,436,591,509,0.7450,95.37,0
frame_000432_fish_00.png,1001,787,1061,835,0.8866,91.21,0
frame_000432_fish_01.png,736,359,825,393,0.8761,88.44,0
frame_000432_fish_02.png,604,248,660,283,0.8577,82.70,0
frame_000432_fish_03.png,563,436,591,508,0.7643,95.28,0
frame_000433_fish_00.png,644,283,734,375,0.8318,94.03,0
frame_000433_fish_01.png,563,437,591,508,0.8095,95.36,0
frame_000434_fish_00.png,637,268,690,373,0.8734,88.23,0
frame_000434_fish_01.png,564,436,591,507,0.8120,95.33,0
frame_000435_fish_00.png,623,336,687,388,0.8898,87.41,0
frame_000435_fish_01.png,609,222,662,312,0.8439,88.84,0
frame_000435_fish_02.png,564,436,591,508,0.8120,95.51,0
frame_000436_fish_00.png,595,323,688,391,0.8992,89.60,0
frame_000436_fish_01.png,590,209,637,292,0.8765,91.99,0
frame_000436_fish_02.png,563,435,591,507,0.8639,95.47,0
frame_000436_fish_03.png,953,807,989,874,0.3043,95.50,0
frame_000437_fish_00.png,591,320,689,363,0.8869,83.00,0
frame_000437_fish_01.png,1020,360,1093,412,0.8800,90.01,0
frame_000437_fish_02.png,564,436,591,507,0.8260,95.52,0
frame_000437_fish_03.png,587,221,646,274,0.8187,93.44,0
frame_000437_fish_04.png,965,811,998,857,0.4754,90.72,0
frame_000438_fish_00.png,620,323,698,365,0.8762,79.35,0
frame_000438_fish_01.png,1057,406,1133,438,0.8466,86.80,0
frame_000438_fish_02.png,564,436,591,507,0.8383,95.47,0
frame_000438_fish_03.png,970,803,1011,834,0.6593,88.06,0
frame_000438_fish_04.png,637,179,668,273,0.2518,89.26,0
frame_000439_fish_00.png,1074,413,1133,461,0.8899,81.38,0
frame_000439_fish_01.png,622,331,728,372,0.8893,81.39,0
frame_000439_fish_02.png,563,436,592,507,0.8506,95.52,0
frame_000439_fish_03.png,988,785,1027,816,0.8290,85.13,0
frame_000439_fish_04.png,613,152,662,204,0.4642,89.67,0
frame_000440_fish_00.png,1054,396,1120,472,0.9041,88.93,0
frame_000440_fish_01.png,654,324,764,368,0.8762,85.06,0
frame_000440_fish_02.png,992,761,1043,790,0.8755,84.42,0
frame_000440_fish_03.png,563,436,592,508,0.8289,95.59,0
frame_000441_fish_00.png,1052,348,1105,401,0.8810,87.34,0
frame_000441_fish_01.png,699,309,786,351,0.8683,83.18,0
frame_000441_fish_02.png,564,436,592,509,0.7866,95.36,0
frame_000442_fish_00.png,758,327,797,426,0.8505,86.79,0
frame_000442_fish_01.png,1016,286,1103,383,0.8478,87.14,0
frame_000442_fish_02.png,564,437,591,508,0.6578,95.33,0
frame_000442_fish_03.png,1029,718,1053,747,0.6310,86.53,0
frame_000443_fish_00.png,1011,308,1080,390,0.9016,89.50,0
frame_000443_fish_01.png,827,263,876,363,0.8743,87.79,0
frame_000443_fish_02.png,1025,708,1053,756,0.8660,88.58,0
frame_000443_fish_03.png,784,475,812,557,0.8461,91.28,0
frame_000443_fish_04.png,891,293,966,366,0.8204,81.20,0
frame_000443_fish_05.png,563,437,591,508,0.6697,95.40,0
frame_000444_fish_00.png,1021,692,1050,751,0.8993,85.87,0
frame_000444_fish_01.png,868,333,905,419,0.8960,78.63,0
frame_000444_fish_02.png,1003,320,1077,382,0.8803,91.25,0
frame_000444_fish_03.png,766,584,798,664,0.8790,83.83,0
frame_000444_fish_04.png,564,436,591,508,0.6045,95.38,0
frame_000445_fish_00.png,794,680,849,762,0.9048,83.07,0
frame_000445_fish_01.png,1026,677,1059,730,0.9030,90.29,0
frame_000445_fish_02.png,1001,317,1079,373,0.9025,93.47,0
frame_000445_fish_03.png,874,408,920,445,0.6618,81.23,0
frame_000445_fish_04.png,564,436,591,508,0.5354,95.48,0
frame_000446_fish_00.png,1041,648,1102,703,0.9052,86.92,0
frame_000446_fish_01.png,857,763,934,822,0.9001,86.11,0
frame_000446_fish_02.png,895,402,931,455,0.8222,78.32,0
frame_000446_fish_03.png,1026,306,1059,383,0.7894,87.69,0
frame_000446_fish_04.png,564,437,591,508,0.5456,95.49,0
frame_000447_fish_00.png,1086,624,1154,675,0.9143,83.75,0
frame_000447_fish_01.png,908,409,964,485,0.9079,81.07,0
frame_000447_fish_02.png,1013,316,1100,365,0.8877,91.29,0
frame_000447_fish_03.png,962,776,1020,821,0.8483,89.80,0
frame_000447_fish_04.png,564,436,591,508,0.6797,95.58,0
frame_000448_fish_00.png,1042,317,1125,351,0.9204,85.33,0
frame_000448_fish_01.png,901,429,973,510,0.9047,81.39,0
frame_000448_fish_02.png,1136,602,1202,642,0.8999,81.07,0
frame_000448_fish_03.png,564,437,591,507,0.6557,95.52,0
frame_000449_fish_00.png,1174,600,1227,628,0.8905,76.98,0
frame_000449_fish_01.png,859,451,915,483,0.8716,80.14,0
frame_000449_fish_02.png,1136,366,1166,463,0.8586,87.92,0
frame_000449_fish_03.png,1002,835,1065,877,0.8582,89.44,0
frame_000449_fish_04.png,564,436,591,508,0.6406,95.62,0
frame_000450_fish_00.png,973,351,1093,420,0.9019,83.36,0
frame_000450_fish_01.png,1204,606,1248,638,0.8930,81.61,0
frame_000450_fish_02.png,1146,520,1172,618,0.8661,90.25,0
frame_000450_fish_03.png,826,446,862,482,0.8489,88.38,0
frame_000450_fish_04.png,564,438,591,507,0.6463,95.44,0
frame_000451_fish_00.png,1159,672,1238,757,0.9033,88.30,0
frame_000451_fish_01.png,1062,346,1160,435,0.8923,89.24,0
frame_000451_fish_02.png,1223,613,1259,650,0.8822,83.14,0
frame_000451_fish_03.png,809,440,862,475,0.8524,93.85,0
frame_000451_fish_04.png,875,840,951,876,0.6977,92.60,0
frame_000451_fish_05.png,563,438,591,507,0.6245,95.54,0
frame_000452_fish_00.png,1210,749,1303,813,0.8955,86.08,0
frame_000452_fish_01.png,1223,631,1255,669,0.8751,85.33,0
frame_000452_fish_02.png,564,436,591,508,0.6431,95.52,0
frame_000452_fish_03.png,838,813,893,846,0.5862,87.47,0
frame_000452_fish_04.png,831,419,854,491,0.4265,93.84,0
frame_000453_fish_00.png,1155,644,1217,675,0.9027,74.64,0
frame_000453_fish_01.png,847,432,930,485,0.8980,83.32,0
frame_000453_fish_02.png,776,800,844,832,0.8962,87.71,0
frame_000453_fish_03.png,564,436,591,507,0.5593,95.40,0
frame_000454_fish_00.png,729,797,808,831,0.8936,87.65,0
frame_000454_fish_01.png,1104,667,1157,696,0.8876,76.92,0
frame_000454_fish_02.png,902,408,981,455,0.8846,80.80,0
frame_000454_fish_03.png,1148,795,1213,832,0.4744,87.38,0
frame_000454_fish_04.png,565,436,592,508,0.2655,95.33,0
frame_000455_fish_00.png,925,397,1022,431,0.8667,79.60,0
frame_000455_fish_01.png,725,729,756,822,0.5933,95.23,0
frame_000455_fish_02.png,730,751,757,821,0.4699,93.06,0
frame_000456_fish_00.png,948,384,1028,429,0.8535,85.20,0
frame_000456_fish_01.png,739,741,787,782,0.8403,87.13,0
frame_000456_fish_02.png,1100,730,1125,767,0.7756,85.99,0
frame_000456_fish_03.png,893,805,974,843,0.5363,90.22,0
frame_000457_fish_00.png,1156,775,1197,808,0.8915,83.71,0
frame_000457_fish_01.png,774,737,871,790,0.8835,79.17,0
frame_000457_fish_02.png,996,361,1031,428,0.8550,87.91,0
frame_000458_fish_00.png,865,715,917,769,0.8989,88.66,0
frame_000458_fish_01.png,1197,786,1256,817,0.8949,79.14,0
frame_000458_fish_02.png,1012,371,1041,419,0.7542,85.06,0
frame_000458_fish_03.png,712,743,788,797,0.7470,89.39,0
frame_000459_fish_00.png,998,369,1075,408,0.9005,78.76,0
frame_000459_fish_01.png,1229,770,1297,799,0.8911,74.40,0
frame_000459_fish_02.png,677,719,758,792,0.8748,92.82,0
frame_000459_fish_03.png,918,615,945,690,0.8708,77.21,0
frame_000459_fish_04.png,676,719,735,785,0.2658,90.25,0
frame_000460_fish_00.png,711,703,765,736,0.9035,84.03,0
frame_000460_fish_01.png,1245,741,1320,772,0.8893,77.88,0
frame_000460_fish_02.png,940,383,1004,440,0.8863,82.34,0
frame_000460_fish_03.png,917,543,948,613,0.8767,84.59,0
frame_000460_fish_04.png,565,437,591,510,0.3022,95.50,0
frame_000461_fish_00.png,857,493,947,560,0.9073,81.28,0
frame_000461_fish_01.png,786,662,862,698,0.8958,74.75,0
frame_000461_fish_02.png,1249,720,1325,754,0.8908,80.13,0
frame_000461_fish_03.png,874,417,953,474,0.8857,81.29,0
frame_000461_fish_04.png,565,436,591,510,0.2808,95.40,0
frame_000462_fish_00.png,747,383,853,466,0.9014,91.74,0
frame_000462_fish_01.png,879,675,967,737,0.9000,85.04,0
frame_000462_fish_02.png,1262,697,1318,744,0.8973,87.18,0
frame_000462_fish_03.png,565,436,592,511,0.4458,95.40,0
frame_000463_fish_00.png,673,307,756,370,0.9034,90.38,0
frame_000463_fish_01.png,1272,652,1305,711,0.8892,88.01,0
frame_000463_fish_02.png,770,380,799,417,0.7846,87.59,0
frame_000463_fish_03.png,565,436,591,510,0.7179,95.40,0
frame_000463_fish_04.png,866,104,938,178,0.6931,88.39,0
frame_000464_fish_00.png,1101,704,1180,764,0.9152,89.01,0
frame_000464_fish_01.png,1262,608,1282,666,0.8518,85.04,0
frame_000464_fish_02.png,764,361,797,420,0.8490,91.52,0
frame_000464_fish_03.png,592,211,664,304,0.7227,95.10,0
frame_000464_fish_04.png,565,436,591,511,0.5800,94.92,0
frame_000465_fish_00.png,1129,530,1177,604,0.8962,84.15,0
frame_000465_fish_01.png,1171,455,1228,503,0.8859,87.54,0
frame_000465_fish_02.png,753,368,818,421,0.8648,89.55,0
frame_000465_fish_03.png,883,171,940,227,0.6457,84.95,0
frame_000465_fish_04.png,565,436,592,513,0.5199,95.04,0
frame_000466_fish_00.png,1059,427,1140,496,0.9098,88.67,0
frame_000466_fish_01.png,767,375,850,413,0.8877,87.10,0
frame_000466_fish_02.png,1188,402,1235,433,0.8584,82.09,0
frame_000466_fish_03.png,565,437,591,512,0.4545,94.89,0
frame_000467_fish_00.png,771,355,864,414,0.8913,89.01,0
frame_000467_fish_01.png,1056,361,1085,465,0.8629,83.34,0
frame_000467_fish_02.png,624,185,673,234,0.8618,90.03,0
frame_000467_fish_03.png,1223,411,1273,450,0.8574,81.31,0
frame_000467_fish_04.png,565,437,591,512,0.6718,95.05,0
frame_000468_fish_00.png,790,357,855,412,0.8949,87.49,0
frame_000468_fish_01.png,1053,336,1087,409,0.8838,82.65,0
frame_000468_fish_02.png,602,179,664,236,0.8437,87.25,0
frame_000468_fish_03.png,1259,428,1288,465,0.7917,84.12,0
frame_000468_fish_04.png,565,437,591,512,0.5285,94.97,0
frame_000468_fish_05.png,600,178,665,272,0.4588,91.91,0
frame_000469_fish_00.png,778,359,866,403,0.8912,86.34,0
frame_000469_fish_01.png,1263,421,1294,470,0.8651,86.44,0
frame_000469_fish_02.png,565,436,591,511,0.4462,95.15,0
frame_000469_fish_03.png,587,189,629,277,0.3961,95.42,0
frame_000470_fish_00.png,1251,418,1304,473,0.8939,83.90,0
frame_000470_fish_01.png,885,256,961,333,0.8931,81.87,0
frame_000470_fish_02.png,1028,327,1067,402,0.8824,82.88,0
frame_000470_fish_03.png,794,363,855,404,0.8753,88.59,0
frame_000470_fish_04.png,565,436,591,511,0.4226,95.10,0
frame_000471_fish_00.png,1232,413,1297,474,0.9059,84.95,0
frame_000471_fish_01.png,1079,272,1116,341,0.8476,87.06,0
frame_000471_fish_02.png,959,331,1041,367,0.8345,82.98,0
frame_000471_fish_03.png,565,436,591,510,0.5374,95.17,0
frame_000471_fish_04.png,836,381,863,436,0.2772,92.31,0
frame_000472_fish_00.png,584,341,665,411,0.9059,89.10,0
frame_000472_fish_01.png,1201,414,1271,472,0.8966,85.07,0
frame_000472_fish_02.png,845,401,908,444,0.8831,80.14,0
frame_000472_fish_03.png,565,436,592,511,0.8523,95.14,0
frame_000472_fish_04.png,1074,257,1176,341,0.8029,91.10,0
frame_000473_fish_00.png,1182,412,1238,463,0.8847,83.25,0
frame_000473_fish_01.png,864,382,953,424,0.8741,78.53,0
frame_000473_fish_02.png,565,383,625,510,0.5506,95.27,0
frame_000473_fish_03.png,581,382,623,451,0.3392,91.62,0
frame_000474_fish_00.png,860,365,947,427,0.8897,83.74,0
frame_000474_fish_01.png,564,437,618,563,0.8634,84.75,0
frame_000474_fish_02.png,1168,418,1213,450,0.8420,79.00,0
frame_000475_fish_00.png,780,429,838,505,0.8924,91.16,0
frame_000475_fish_01.png,607,614,654,706,0.8644,81.60,0
frame_000475_fish_02.png,1197,418,1241,450,0.8500,77.33,0
frame_000475_fish_03.png,564,437,591,510,0.5289,95.26,0
frame_000476_fish_00.png,656,730,703,806,0.8974,88.54,0
frame_000476_fish_01.png,1212,436,1255,468,0.7945,78.56,0
frame_000476_fish_02.png,564,436,591,510,0.4976,95.26,0
frame_000477_fish_00.png,696,811,765,843,0.8949,87.48,0
frame_000477_fish_01.png,709,419,740,487,0.8748,77.81,0
frame_000477_fish_02.png,564,435,591,510,0.5481,95.29,0
frame_000478_fish_00.png,1220,472,1263,504,0.8788,77.68,0
frame_000478_fish_01.png,714,389,749,478,0.8675,85.54,0
frame_000478_fish_02.png,767,806,835,839,0.8578,86.83,0
frame_000478_fish_03.png,1119,270,1149,339,0.8480,77.63,0
frame_000478_fish_04.png,564,436,591,510,0.5772,95.21,0
frame_000479_fish_00.png,1121,303,1177,393,0.8935,91.89,0
frame_000479_fish_01.png,717,363,753,443,0.8858,86.27,0
frame_000479_fish_02.png,856,771,904,804,0.7972,87.26,0
frame_000479_fish_03.png,564,436,591,510,0.6286,95.21,0
frame_000479_fish_04.png,1239,493,1265,525,0.2971,79.12,0
frame_000480_fish_00.png,1121,416,1190,477,0.9193,88.62,0
frame_000480_fish_01.png,1160,476,1229,547,0.8833,87.30,0
frame_000480_fish_02.png,904,726,925,764,0.8665,81.62,0
frame_000480_fish_03.png,728,297,752,381,0.6831,86.78,0
frame_000480_fish_04.png,564,436,591,509,0.4819,95.28,0
frame_000480_fish_05.png,728,298,753,410,0.4135,89.85,0
frame_000481_fish_00.png,871,652,917,703,0.8994,76.04,0
frame_000481_fish_01.png,1070,419,1147,469,0.8974,81.90,0
frame_000481_fish_02.png,1059,482,1124,509,0.6412,88.39,0
frame_000481_fish_03.png,828,99,933,191,0.6185,86.29,0
frame_000481_fish_04.png,564,436,591,510,0.4845,95.09,0
frame_000482_fish_00.png,811,545,880,638,0.8858,85.07,0
frame_000482_fish_01.png,1025,422,1109,460,0.8819,76.79,0
frame_000482_fish_02.png,564,435,592,510,0.4673,95.17,0
frame_000483_fish_00.png,1177,521,1239,613,0.9072,88.38,0
frame_000483_fish_01.png,993,458,1071,508,0.9038,79.33,0
frame_000483_fish_02.png,971,340,1060,388,0.8899,80.53,0
frame_000483_fish_03.png,759,451,828,543,0.8880,88.57,0
frame_000483_fish_04.png,564,436,592,510,0.3629,94.79,0
frame_000484_fish_00.png,1238,650,1294,749,0.9143,89.64,0
frame_000484_fish_01.png,688,364,771,448,0.9101,87.79,0
frame_000484_fish_02.png,973,517,1030,568,0.9008,79.93,0
frame_000484_fish_03.png,1037,317,1112,408,0.9006,91.90,0
frame_000484_fish_04.png,565,436,592,510,0.8266,94.72,0
frame_000485_fish_00.png,1177,733,1258,767,0.8887,79.57,0
frame_000485_fish_01.png,621,280,698,370,0.8859,88.75,0
frame_000485_fish_02.png,1085,244,1145,347,0.8573,88.11,0
frame_000485_fish_03.png,565,436,592,510,0.8003,94.67,0
frame_000485_fish_04.png,973,583,996,625,0.6569,80.18,0
frame_000486_fish_00.png,1089,653,1159,727,0.9096,85.65,0
frame_000486_fish_01.png,578,252,647,303,0.8714,86.89,0
frame_000486_fish_02.png,976,631,1026,664,0.8707,81.56,0
frame_000486_fish_03.png,564,437,591,509,0.7262,95.12,0
frame_000487_fish_00.png,992,651,1052,701,0.8980,86.68,0
frame_000487_fish_01.png,1064,628,1093,704,0.8249,84.40,0
frame_000487_fish_02.png,564,436,592,509,0.6913,95.17,0
frame_000488_fish_00.png,1011,655,1063,716,0.9076,87.15,0
frame_000488_fish_01.png,564,203,649,278,0.9025,92.88,0
frame_000488_fish_02.png,1107,736,1210,776,0.9000,76.12,0
frame_000488_fish_03.png,677,300,723,391,0.8947,88.59,0
frame_000488_fish_04.png,1157,246,1218,312,0.8100,83.47,0
frame_000488_fish_05.png,564,435,592,509,0.7587,95.09,0
frame_000489_fish_00.png,1024,645,1088,709,0.9070,86.81,0
frame_000489_fish_01.png,1208,762,1252,800,0.8513,84.44,0
frame_000489_fish_02.png,679,276,704,370,0.7072,84.12,0
frame_000489_fish_03.png,564,435,591,509,0.6728,95.30,0
frame_000490_fish_00.png,1052,631,1107,699,0.9152,85.45,0
frame_000490_fish_01.png,1190,779,1259,818,0.8898,77.16,0
frame_000490_fish_02.png,657,264,725,326,0.8644,93.74,0
frame_000490_fish_03.png,564,435,591,509,0.6667,95.17,0
frame_000491_fish_00.png,1075,620,1129,691,0.9184,85.84,0
frame_000491_fish_01.png,1096,700,1172,781,0.9129,87.90,0
frame_000491_fish_02.png,564,435,591,509,0.5947,95.31,0
frame_000492_fish_00.png,1014,554,1093,636,0.9148,90.92,0
frame_000492_fish_01.png,1109,609,1155,681,0.9133,82.46,0
frame_000492_fish_02.png,658,264,719,328,0.7818,91.22,0
frame_000492_fish_03.png,564,436,591,508,0.6453,95.44,0
frame_000493_fish_00.png,1126,588,1186,657,0.9086,83.24,0
frame_000493_fish_01.png,982,449,1027,501,0.8263,91.95,0
frame_000493_fish_02.png,659,264,727,317,0.8092,90.60,0
frame_000493_fish_03.png,564,436,591,508,0.6847,95.47,0
frame_000494_fish_00.png,1144,581,1200,639,0.9028,81.93,0
frame_000494_fish_01.png,1058,320,1105,411,0.8922,91.34,0
frame_000494_fish_02.png,956,273,1039,350,0.7906,81.33,0
frame_000494_fish_03.png,564,436,591,508,0.6241,95.37,0
frame_000495_fish_00.png,1035,343,1111,404,0.8999,91.15,0
frame_000495_fish_01.png,1157,582,1205,635,0.8970,85.75,0
frame_000495_fish_02.png,564,436,591,508,0.5740,95.51,0
frame_000495_fish_03.png,640,262,683,300,0.2806,92.83,0
frame_000496_fish_00.png,1164,586,1204,633,0.8745,85.51,0
frame_000496_fish_01.png,1107,252,1155,348,0.7825,79.90,0
frame_000496_fish_02.png,564,436,591,509,0.6096,95.45,0
frame_000497_fish_00.png,1052,300,1120,356,0.8578,85.12,0
frame_000497_fish_01.png,564,436,591,509,0.6454,95.38,0
frame_000497_fish_02.png,1172,580,1190,640,0.5282,85.32,0
frame_000498_fish_00.png,1150,545,1175,606,0.8714,84.74,0
frame_000498_fish_01.png,563,436,591,508,0.6029,95.46,0
frame_000499_fish_00.png,1123,524,1173,589,0.9001,87.15,0
frame_000499_fish_01.png,564,437,591,508,0.5664,95.32,0
frame_000500_fish_00.png,1120,511,1186,566,0.9051,84.29,0
frame_000500_fish_01.png,860,321,901,405,0.8813,90.76,0
frame_000500_fish_02.png,563,437,590,508,0.5587,95.41,0
frame_000501_fish_00.png,1130,502,1208,548,0.8917,82.19,0
frame_000501_fish_01.png,829,407,911,457,0.8730,93.53,0
frame_000501_fish_02.png,563,437,590,507,0.6315,95.42,0
frame_000502_fish_00.png,1156,502,1223,548,0.8927,84.47,0
frame_000502_fish_01.png,787,420,859,483,0.8741,95.17,0
frame_000502_fish_02.png,563,438,591,508,0.6286,95.37,0
frame_000503_fish_00.png,805,430,846,517,0.8917,92.12,0
frame_000503_fish_01.png,1178,512,1235,554,0.8776,83.36,0
frame_000503_fish_02.png,563,437,590,508,0.6084,95.17,0
frame_000504_fish_00.png,786,468,881,531,0.8882,87.77,0
frame_000504_fish_01.png,1119,277,1170,326,0.8716,85.72,0
frame_000504_fish_02.png,563,435,591,508,0.5468,95.42,0
frame_000505_fish_00.png,806,483,889,562,0.8849,89.93,0
frame_000505_fish_01.png,631,163,691,200,0.8675,83.83,0
frame_000505_fish_02.png,942,300,1066,352,0.8656,81.54,0
frame_000505_fish_03.png,1129,300,1196,336,0.8347,87.34,0
frame_000505_fish_04.png,563,436,591,508,0.4974,95.25,0
frame_000505_fish_05.png,1229,552,1255,588,0.4372,82.41,0
frame_000506_fish_00.png,605,161,686,203,0.8606,83.49,0
frame_000506_fish_01.png,1154,296,1201,368,0.8586,84.54,0
frame_000506_fish_02.png,857,478,888,535,0.8541,85.54,0
frame_000506_fish_03.png,986,290,1051,365,0.8052,90.39,0
frame_000506_fish_04.png,563,438,591,508,0.6132,95.41,0
frame_000507_fish_00.png,795,426,881,477,0.9021,88.53,0
frame_000507_fish_01.png,1184,318,1231,405,0.8984,91.04,0
frame_000507_fish_02.png,584,158,671,209,0.8855,84.59,0
frame_000507_fish_03.png,1044,277,1102,352,0.7400,85.43,0
frame_000507_fish_04.png,564,436,591,509,0.5530,95.55,0
frame_000508_fish_00.png,574,157,661,220,0.8981,87.27,0
frame_000508_fish_01.png,732,398,807,459,0.8940,92.11,0
frame_000508_fish_02.png,1167,354,1218,424,0.8940,93.20,0
frame_000508_fish_03.png,995,315,1111,369,0.8783,80.39,0
frame_000508_fish_04.png,1240,679,1264,717,0.7793,83.86,0
frame_000508_fish_05.png,564,437,591,510,0.5762,95.55,0
frame_000509_fish_00.png,1233,743,1267,776,0.8935,79.29,0
frame_000509_fish_01.png,655,365,750,423,0.8828,86.83,0
frame_000509_fish_02.png,1150,381,1188,478,0.8735,86.90,0
frame_000509_fish_03.png,564,435,591,510,0.8545,95.18,0
frame_000509_fish_04.png,567,159,612,196,0.7994,85.61,0
frame_000510_fish_00.png,572,318,648,370,0.8893,88.13,0
frame_000510_fish_01.png,1184,790,1249,824,0.8889,76.31,0
frame_000510_fish_02.png,1186,496,1220,598,0.8748,91.35,0
frame_000510_fish_03.png,564,436,591,509,0.7830,95.36,0
frame_000511_fish_00.png,1130,816,1213,848,0.8912,72.69,0
frame_000511_fish_01.png,567,331,614,367,0.8837,81.21,0
frame_000511_fish_02.png,564,436,591,509,0.7733,95.31,0
frame_000511_fish_03.png,559,275,592,320,0.6303,82.46,0
frame_000511_fish_04.png,1178,594,1202,691,0.5264,88.07,0
frame_000511_fish_05.png,874,82,942,205,0.2860,85.05,0
frame_000512_fish_00.png,1179,691,1245,779,0.9006,86.11,0
frame_000512_fish_01.png,1079,830,1160,862,0.8922,75.91,0
frame_000512_fish_02.png,560,315,659,394,0.8918,85.41,0
frame_000512_fish_03.png,564,436,591,509,0.8582,95.30,0
frame_000513_fish_00.png,1180,743,1234,787,0.8979,78.21,0
frame_000513_fish_01.png,1025,851,1106,882,0.8931,81.39,0
frame_000513_fish_02.png,602,339,681,433,0.8909,87.57,0
frame_000513_fish_03.png,564,436,592,509,0.8773,95.38,0
frame_000514_fish_00.png,1070,588,1142,660,0.9135,89.40,0
frame_000514_fish_01.png,622,332,680,381,0.8680,86.63,0
frame_000514_fish_02.png,786,144,903,220,0.8616,86.02,0
frame_000514_fish_03.png,973,863,1050,896,0.8555,89.50,0
frame_000514_fish_04.png,564,437,591,509,0.8107,95.21,0
frame_000514_fish_05.png,605,420,636,470,0.7569,87.15,0
frame_000515_fish_00.png,1016,516,1085,570,0.8855,89.06,0
frame_000515_fish_01.png,602,321,681,359,0.8775,83.18,0
frame_000515_fish_02.png,920,846,987,879,0.8685,87.72,0
frame_000515_fish_03.png,565,435,644,504,0.8395,88.39,0
frame_000515_fish_04.png,817,199,922,256,0.8269,85.75,0
frame_000515_fish_05.png,564,435,611,507,0.3117,92.21,0
frame_000516_fish_00.png,1007,508,1055,589,0.8917,85.91,0
frame_000516_fish_01.png,564,437,590,508,0.8586,95.08,0
frame_000516_fish_02.png,901,826,987,866,0.8559,87.61,0
frame_000516_fish_03.png,597,469,665,574,0.8442,87.50,0
frame_000516_fish_04.png,588,363,652,404,0.8125,89.27,0
frame_000517_fish_00.png,1067,644,1145,729,0.9035,86.76,0
frame_000517_fish_01.png,654,606,711,690,0.9012,81.13,0
frame_000517_fish_02.png,647,380,725,432,0.8885,89.73,0
frame_000517_fish_03.png,904,806,968,835,0.8831,81.94,0
frame_000517_fish_04.png,563,436,591,508,0.8407,95.15,0
frame_000518_fish_00.png,701,706,785,785,0.9153,83.22,0
frame_000518_fish_01.png,1121,762,1168,800,0.9016,80.29,0
frame_000518_fish_02.png,749,337,816,414,0.8956,92.57,0
frame_000518_fish_03.png,564,435,591,508,0.7198,95.23,0
frame_000518_fish_04.png,898,767,922,799,0.5225,88.66,0
frame_000519_fish_00.png,789,773,851,844,0.9132,84.79,0
frame_000519_fish_01.png,1041,643,1099,724,0.8982,88.72,0
frame_000519_fish_02.png,824,318,854,393,0.8669,89.18,0
frame_000519_fish_03.png,888,733,916,761,0.7043,82.90,0
frame_000519_fish_04.png,563,435,591,508,0.4718,95.33,0
frame_000520_fish_00.png,986,509,1031,597,0.9027,85.71,0
frame_000520_fish_01.png,880,708,918,743,0.8878,84.60,0
frame_000520_fish_02.png,840,341,886,403,0.8691,91.57,0
frame_000520_fish_03.png,563,437,590,508,0.5515,95.41,0
frame_000521_fish_00.png,1023,366,1073,448,0.8958,90.59,0
frame_000521_fish_01.png,889,689,922,753,0.8904,86.39,0
frame_000521_fish_02.png,563,436,590,508,0.5120,95.32,0
frame_000522_fish_00.png,1007,337,1090,386,0.8846,87.97,0
frame_000522_fish_01.png,907,385,964,426,0.8397,76.81,0
frame_000522_fish_02.png,912,697,934,763,0.8239,86.30,0
frame_000522_fish_03.png,563,435,590,508,0.6160,95.11,0
frame_000523_fish_00.png,1080,273,1157,366,0.8885,89.26,0
frame_000523_fish_01.png,916,393,1002,432,0.8563,78.53,0
frame_000523_fish_02.png,771,827,854,860,0.8484,87.86,0
frame_000523_fish_03.png,563,445,592,531,0.7928,90.52,0
frame_000524_fish_00.png,730,810,804,854,0.8736,89.98,0
frame_000524_fish_01.png,962,401,1049,442,0.8463,83.65,0
frame_000524_fish_02.png,934,709,959,766,0.8383,88.00,0
frame_000524_fish_03.png,567,521,587,600,0.3480,85.20,0
frame_000525_fish_00.png,938,705,977,769,0.8906,89.44,0
frame_000525_fish_01.png,1025,404,1081,452,0.8162,82.43,0
frame_000525_fish_02.png,722,787,756,822,0.3116,89.11,0
frame_000526_fish_00.png,921,720,986,770,0.8990,86.61,0
frame_000526_fish_01.png,970,408,1051,459,0.8787,84.54,0
frame_000526_fish_02.png,725,735,750,793,0.8294,88.38,0
frame_000527_fish_00.png,912,727,977,778,0.9005,86.22,0
frame_000527_fish_01.png,747,659,773,707,0.8468,80.85,0
frame_000528_fish_00.png,899,739,970,787,0.9061,85.34,0
frame_000528_fish_01.png,732,557,775,624,0.8988,77.81,0
frame_000528_fish_02.png,879,417,912,526,0.7082,78.23,0
frame_000529_fish_00.png,881,750,945,800,0.9183,85.80,0
frame_000529_fish_01.png,696,446,756,543,0.9023,83.56,0
frame_000529_fish_02.png,883,443,926,527,0.8650,83.20,0
frame_000530_fish_00.png,865,784,913,830,0.9019,87.49,0
frame_000530_fish_01.png,664,353,732,448,0.8944,85.68,0
frame_000530_fish_02.png,902,429,939,517,0.8658,76.93,0
frame_000531_fish_00.png,642,287,705,388,0.8929,86.37,0
frame_000531_fish_01.png,1065,287,1123,349,0.8866,90.80,0
frame_000531_fish_02.png,889,370,923,479,0.8445,76.69,0
frame_000532_fish_00.png,885,833,923,882,0.8975,92.35,0
frame_000532_fish_01.png,1060,298,1112,385,0.8828,89.51,0
frame_000532_fish_02.png,615,248,680,343,0.8733,88.15,0
frame_000532_fish_03.png,654,811,699,849,0.8635,91.20,0
frame_000532_fish_04.png,893,336,925,434,0.8225,82.45,0
frame_000533_fish_00.png,703,822,764,856,0.8920,87.05,0
frame_000533_fish_01.png,1056,367,1094,463,0.8769,87.47,0
frame_000533_fish_02.png,914,849,971,883,0.8418,92.23,0
frame_000533_fish_03.png,900,379,929,431,0.5055,79.92,0
frame_000533_fish_04.png,593,159,632,276,0.3999,93.45,0
frame_000533_fish_05.png,900,316,930,432,0.3229,82.91,0
frame_000534_fish_00.png,575,130,630,202,0.8954,83.93,0
frame_000534_fish_01.png,968,827,1035,875,0.8597,89.11,0
frame_000534_fish_02.png,744,111,809,147,0.7488,90.48,0
frame_000535_fish_00.png,562,120,624,204,0.8976,89.22,0
frame_000535_fish_01.png,802,93,929,174,0.8863,88.28,0
frame_000535_fish_02.png,989,480,1071,513,0.8797,85.62,0
frame_000535_fish_03.png,1009,814,1078,843,0.8779,83.46,0
frame_000536_fish_00.png,952,447,1018,506,0.9010,85.96,0
frame_000536_fish_01.png,1056,813,1119,842,0.8944,82.03,0
frame_000536_fish_02.png,849,387,934,436,0.8855,81.57,0
frame_000536_fish_03.png,752,803,810,838,0.8821,86.63,0
frame_000536_fish_04.png,553,132,611,194,0.8398,89.11,0
frame_000536_fish_05.png,609,91,661,141,0.6337,85.29,0
frame_000537_fish_00.png,631,723,717,797,0.9165,89.25,0
frame_000537_fish_01.png,936,422,1000,477,0.9042,83.77,0
frame_000537_fish_02.png,582,276,637,360,0.8851,80.91,0
frame_000537_fish_03.png,789,384,888,424,0.8664,85.68,0
frame_000537_fish_04.png,1095,816,1136,842,0.8639,84.48,0
frame_000538_fish_00.png,1087,779,1144,830,0.9027,84.58,0
frame_000538_fish_01.png,651,415,743,465,0.8940,87.00,0
frame_000538_fish_02.png,752,712,781,768,0.8669,82.58,0
frame_000538_fish_03.png,752,354,783,396,0.8633,89.24,0
frame_000538_fish_04.png,483,571,520,662,0.8627,92.46,0
frame_000538_fish_05.png,539,568,574,670,0.8133,90.62,0
frame_000539_fish_00.png,1043,741,1119,778,0.9001,82.30,0
frame_000539_fish_01.png,545,518,581,595,0.8929,90.61,0
frame_000539_fish_02.png,996,563,1070,649,0.8929,89.39,0
frame_000539_fish_03.png,721,752,764,790,0.8831,78.90,0
frame_000539_fish_04.png,746,328,787,436,0.6734,90.34,0
frame_000540_fish_00.png,993,737,1068,775,0.8974,86.28,0
frame_000540_fish_01.png,1072,670,1122,715,0.8954,80.44,0
frame_000540_fish_02.png,677,678,748,763,0.8166,79.94,0
frame_000540_fish_03.png,571,479,675,603,0.8118,98.15,1
frame_000540_fish_04.png,677,677,756,789,0.8081,86.03,0
frame_000540_fish_05.png,695,310,764,406,0.7622,84.14,0
frame_000540_fish_06.png,694,309,775,432,0.4130,88.03,0
frame_000541_fish_00.png,662,609,714,716,0.8970,81.54,0
frame_000541_fish_01.png,977,587,1058,641,0.8968,85.06,0
frame_000541_fish_02.png,957,749,1031,786,0.8892,83.12,0
frame_000541_fish_03.png,570,373,597,472,0.8838,84.27,0
frame_000541_fish_04.png,693,410,734,482,0.8701,84.92,0
frame_000541_fish_05.png,741,289,804,414,0.7556,92.99,0
frame_000542_fish_00.png,655,531,695,643,0.8957,75.14,0
frame_000542_fish_01.png,953,582,996,653,0.8941,89.56,0
frame_000542_fish_02.png,923,752,992,790,0.8917,83.91,0
frame_000542_fish_03.png,693,426,759,480,0.8641,87.14,0
frame_000542_fish_04.png,744,270,798,377,0.8496,86.52,0
frame_000542_fish_05.png,567,275,592,366,0.7035,82.26,0
frame_000543_fish_00.png,889,748,956,783,0.9030,80.09,0
frame_000543_fish_01.png,697,414,739,497,0.8832,85.36,0
frame_000543_fish_02.png,657,468,698,583,0.8829,76.50,0
frame_000544_fish_00.png,650,414,685,533,0.8937,76.92,0
frame_000544_fish_01.png,849,740,923,769,0.8816,77.13,0
frame_000544_fish_02.png,710,380,751,460,0.8792,86.62,0
frame_000544_fish_03.png,920,767,990,822,0.8646,89.67,0
frame_000545_fish_00.png,829,728,871,764,0.8835,83.80,0
frame_000545_fish_01.png,662,327,752,425,0.8162,90.10,0
frame_000545_fish_02.png,727,325,753,417,0.3622,86.58,0
frame_000546_fish_00.png,703,347,816,390,0.8693,82.74,0
frame_000546_fish_01.png,571,94,627,159,0.8181,90.63,0
frame_000546_fish_02.png,849,70,918,184,0.7750,84.75,0
frame_000547_fish_00.png,1097,746,1162,784,0.9156,81.32,0
frame_000547_fish_01.png,761,399,855,487,0.8983,91.20,0
frame_000547_fish_02.png,817,731,840,767,0.8545,87.44,0
frame_000548_fish_00.png,805,738,831,781,0.9036,89.34,0
frame_000548_fish_01.png,1170,755,1224,823,0.8945,85.91,0
frame_000548_fish_02.png,866,526,959,603,0.8814,83.09,0
frame_000548_fish_03.png,799,84,913,180,0.7949,87.19,0
frame_000549_fish_00.png,802,761,848,796,0.9055,79.93,0
frame_000549_fish_01.png,1207,765,1257,818,0.8988,82.62,0
frame_000549_fish_02.png,941,609,1053,648,0.8795,73.74,0
frame_000550_fish_00.png,817,675,847,737,0.8984,77.63,0
frame_000550_fish_01.png,1018,605,1111,670,0.8728,82.61,0
frame_000550_fish_02.png,1080,573,1149,666,0.8158,81.69,0
frame_000550_fish_03.png,1017,575,1148,670,0.6687,85.68,0
frame_000551_fish_00.png,1091,551,1154,639,0.9007,87.71,0
frame_000551_fish_01.png,829,618,867,678,0.8932,83.52,0
frame_000551_fish_02.png,1026,523,1087,572,0.8501,86.72,0
frame_000551_fish_03.png,732,54,864,133,0.6768,87.30,0
frame_000552_fish_00.png,1100,493,1149,590,0.9153,79.03,0
frame_000552_fish_01.png,954,591,1023,670,0.9136,89.84,0
frame_000552_fish_02.png,817,585,870,607,0.8483,81.24,0
frame_000552_fish_03.png,721,54,860,118,0.2985,84.23,0
frame_000553_fish_00.png,958,430,1051,496,0.9109,84.98,0
frame_000553_fish_01.png,749,720,817,763,0.8843,84.19,0
frame_000553_fish_02.png,800,549,842,583,0.8752,93.22,0
frame_000553_fish_03.png,567,457,596,552,0.5068,88.51,0
frame_000554_fish_00.png,946,340,988,443,0.8875,78.37,0
frame_000554_fish_01.png,696,121,830,181,0.8817,84.56,0
frame_000554_fish_02.png,616,715,696,761,0.8679,79.31,0
frame_000554_fish_03.png,804,547,831,614,0.8618,84.85,0
frame_000555_fish_00.png,825,590,879,640,0.8835,80.21,0
frame_000555_fish_01.png,930,316,987,372,0.6853,83.08,0
frame_000555_fish_02.png,739,194,854,280,0.5070,89.14,0
frame_000556_fish_00.png,876,577,946,649,0.8575,84.54,0
frame_000556_fish_01.png,737,277,765,345,0.6094,83.03,0
frame_000556_fish_02.png,599,739,684,780,0.5714,87.44,0
frame_000556_fish_03.png,828,261,878,339,0.4905,88.52,0
frame_000556_fish_04.png,876,599,945,649,0.4217,78.91,0
frame_000557_fish_00.png,932,576,968,649,0.9005,76.58,0
frame_000557_fish_01.png,792,647,869,687,0.8875,76.19,0
frame_000557_fish_02.png,778,377,816,407,0.7678,83.91,0
frame_000558_fish_00.png,935,544,978,620,0.9048,78.82,0
frame_000558_fish_01.png,745,594,802,657,0.8897,83.77,0
frame_000558_fish_02.png,781,384,812,462,0.8864,89.40,0
frame_000559_fish_00.png,773,383,819,481,0.8936,88.26,0
frame_000559_fish_01.png,949,514,981,585,0.8934,80.63,0
frame_000559_fish_02.png,700,533,755,588,0.8905,81.77,0
frame_000560_fish_00.png,651,452,709,538,0.9046,80.66,0
frame_000560_fish_01.png,897,448,960,509,0.9040,81.88,0
frame_000560_fish_02.png,573,674,633,750,0.8878,87.97,0
frame_000560_fish_03.png,778,391,813,458,0.8771,90.33,0
frame_000561_fish_00.png,849,424,908,483,0.9007,82.73,0
frame_000561_fish_01.png,637,398,677,487,0.8755,84.75,0
frame_000561_fish_02.png,772,435,807,502,0.8549,90.88,0
frame_000561_fish_03.png,621,705,659,751,0.4309,86.16,0
frame_000562_fish_00.png,781,439,878,508,0.8800,91.79,0
frame_000562_fish_01.png,635,718,685,753,0.8543,86.15,0
frame_000562_fish_02.png,628,359,669,396,0.8517,88.40,0
frame_000563_fish_00.png,628,318,668,376,0.8678,87.84,0
frame_000563_fish_01.png,830,439,926,502,0.8590,84.89,0
frame_000563_fish_02.png,621,713,648,749,0.8553,77.19,0
frame_000563_fish_03.png,830,439,896,504,0.5533,86.06,0
frame_000564_fish_00.png,623,279,656,353,0.8742,83.17,0
frame_000564_fish_01.png,902,494,970,529,0.8653,74.26,0
frame_000564_fish_02.png,879,420,912,505,0.8504,78.17,0
frame_000564_fish_03.png,652,714,678,761,0.7287,80.24,0
frame_000564_fish_04.png,777,94,877,159,0.6828,86.24,0
frame_000564_fish_05.png,622,717,678,800,0.5075,89.53,0
frame_000565_fish_00.png,940,524,1001,556,0.9066,76.32,0
frame_000565_fish_01.png,596,746,667,814,0.8904,84.95,0
frame_000565_fish_02.png,576,260,656,321,0.8879,87.84,0
frame_000565_fish_03.png,789,163,906,243,0.8244,86.34,0
frame_000565_fish_04.png,901,413,925,463,0.8002,84.17,0
frame_000565_fish_05.png,597,791,680,846,0.6110,86.88,0
frame_000566_fish_00.png,535,251,625,312,0.8937,87.65,0
frame_000566_fish_01.png,546,815,637,865,0.8738,90.20,0
frame_000566_fish_02.png,862,265,922,334,0.2868,77.01,0
frame_000567_fish_00.png,977,592,1015,622,0.8861,76.44,0
frame_000567_fish_01.png,894,404,990,446,0.8731,79.64,0
frame_000567_fish_02.png,546,779,573,858,0.8622,94.13,0
frame_000567_fish_03.png,874,319,939,375,0.8452,81.83,0
frame_000567_fish_04.png,551,239,577,330,0.7985,92.54,0
frame_000567_fish_05.png,745,264,819,307,0.6683,92.71,0
frame_000568_fish_00.png,932,607,997,639,0.9147,77.38,0
frame_000568_fish_01.png,851,424,930,461,0.9035,77.93,0
frame_000568_fish_02.png,549,193,595,281,0.8693,91.23,0
frame_000568_fish_03.png,874,275,929,371,0.8634,75.84,0
frame_000569_fish_00.png,549,159,624,230,0.9022,89.71,0
frame_000569_fish_01.png,761,380,854,429,0.8861,89.22,0
frame_000569_fish_02.png,924,640,956,669,0.7236,81.02,0
frame_000570_fish_00.png,561,134,641,200,0.8983,85.82,0
frame_000570_fish_01.png,712,336,791,395,0.8829,92.78,0
frame_000570_fish_02.png,571,542,592,606,0.7751,81.32,0
frame_000570_fish_03.png,928,678,951,718,0.3961,83.01,0
frame_000570_fish_04.png,590,843,634,900,0.2729,91.48,0
frame_000571_fish_00.png,591,806,640,876,0.9015,91.17,0
frame_000571_fish_01.png,916,710,982,750,0.8889,80.01,0
frame_000571_fish_02.png,588,112,635,195,0.8696,84.41,0
frame_000571_fish_03.png,696,273,724,361,0.8373,85.40,0
frame_000571_fish_04.png,568,496,595,593,0.8327,82.63,0
frame_000572_fish_00.png,946,734,1019,766,0.8769,81.70,0
frame_000572_fish_01.png,611,134,676,181,0.8543,89.12,0
frame_000572_fish_02.png,567,476,593,563,0.8270,83.95,0
frame_000573_fish_00.png,996,706,1038,772,0.8986,91.63,0
frame_000573_fish_01.png,648,759,719,795,0.8758,85.85,0
frame_000573_fish_02.png,565,465,590,551,0.8610,87.25,0
frame_000573_fish_03.png,719,287,745,358,0.8301,86.01,0
frame_000574_fish_00.png,1015,667,1054,735,0.9044,90.27,0
frame_000574_fish_01.png,707,722,756,792,0.8851,89.51,0
frame_000574_fish_02.png,564,447,592,541,0.8546,91.28,0
frame_000574_fish_03.png,702,326,744,388,0.8149,89.88,0
frame_000574_fish_04.png,570,448,675,603,0.5602,97.75,1
frame_000575_fish_00.png,1037,658,1108,691,0.8890,81.90,0
frame_000575_fish_01.png,565,447,592,537,0.8552,90.26,0
frame_000575_fish_02.png,701,298,749,398,0.8534,91.20,0
frame_000575_fish_03.png,664,676,698,715,0.6854,82.02,0
frame_000575_fish_04.png,566,449,676,605,0.5991,97.57,1
frame_000576_fish_00.png,715,688,797,766,0.9094,84.11,0
frame_000576_fish_01.png,1086,670,1153,700,0.8964,76.57,0
frame_000576_fish_02.png,565,448,592,537,0.8395,90.17,0
frame_000576_fish_03.png,717,57,856,138,0.8272,89.14,0
frame_000576_fish_04.png,730,314,756,399,0.7541,87.12,0
frame_000576_fish_05.png,567,448,675,603,0.5314,97.65,1
frame_000577_fish_00.png,1131,676,1197,712,0.9014,76.97,0
frame_000577_fish_01.png,733,795,786,831,0.8686,87.22,0
frame_000577_fish_02.png,565,448,592,537,0.8562,90.04,0
frame_000577_fish_03.png,724,313,752,391,0.7993,85.63,0
frame_000577_fish_04.png,568,449,675,603,0.5338,97.62,1
frame_000578_fish_00.png,1177,721,1229,788,0.9181,81.65,0
frame_000578_fish_01.png,565,449,592,537,0.8568,90.12,0
frame_000578_fish_02.png,720,305,749,386,0.7754,85.19,0
frame_000578_fish_03.png,567,449,675,603,0.5650,97.65,1
frame_000579_fish_00.png,1194,800,1259,838,0.8877,80.20,0
frame_000579_fish_01.png,565,448,592,537,0.8585,89.74,0
frame_000579_fish_02.png,701,118,822,183,0.8211,84.40,0
frame_000579_fish_03.png,711,333,754,376,0.6640,90.03,0
frame_000579_fish_04.png,565,450,675,604,0.5565,97.64,1
frame_000579_fish_05.png,868,797,924,844,0.5476,88.99,0
frame_000580_fish_00.png,1224,825,1272,855,0.8844,82.22,0
frame_000580_fish_01.png,565,449,592,538,0.8642,89.48,0
frame_000580_fish_02.png,948,733,1030,772,0.8499,88.25,0
frame_000580_fish_03.png,739,153,863,216,0.8493,86.37,0
frame_000580_fish_04.png,709,323,745,370,0.7539,91.32,0
frame_000580_fish_05.png,564,450,675,604,0.5684,97.58,1
frame_000581_fish_00.png,1074,734,1133,788,0.9025,88.15,0
frame_000581_fish_01.png,565,449,592,538,0.8463,89.28,0
frame_000581_fish_02.png,789,152,896,217,0.8103,86.68,0
frame_000581_fish_03.png,705,305,741,354,0.6986,94.86,0
frame_000581_fish_04.png,564,450,675,604,0.6788,97.52,1
frame_000581_fish_05.png,1243,828,1269,861,0.6308,87.22,0
frame_000582_fish_00.png,1215,819,1275,863,0.8723,80.18,0
frame_000582_fish_01.png,565,449,674,605,0.7912,97.55,1
frame_000582_fish_02.png,1156,801,1276,864,0.7906,88.97,0
frame_000582_fish_03.png,566,448,593,535,0.7766,89.11,0
frame_000582_fish_04.png,721,345,758,393,0.5680,91.17,0
frame_000582_fish_05.png,1156,801,1237,862,0.5396,89.81,0
frame_000582_fish_06.png,721,344,760,418,0.5260,94.03,0
frame_000583_fish_00.png,712,216,831,315,0.8982,86.59,0
frame_000583_fish_01.png,1172,816,1249,848,0.8883,76.07,0
frame_000583_fish_02.png,738,386,780,450,0.8767,84.35,0
frame_000583_fish_03.png,566,448,593,536,0.8391,88.99,0
frame_000583_fish_04.png,565,449,674,604,0.7276,97.51,1
frame_000584_fish_00.png,1122,812,1198,841,0.8946,75.78,0
frame_000584_fish_01.png,718,456,754,546,0.8589,75.00,0
frame_000584_fish_02.png,566,448,593,537,0.8490,88.90,0
frame_000584_fish_03.png,565,450,675,605,0.7202,97.50,1
frame_000584_fish_04.png,1283,849,1353,898,0.6812,93.09,0
frame_000585_fish_00.png,1076,805,1147,838,0.8866,82.21,0
frame_000585_fish_01.png,564,448,592,541,0.8554,90.01,0
frame_000585_fish_02.png,563,450,674,605,0.6851,97.56,1
frame_000585_fish_03.png,696,570,755,635,0.6424,91.46,0
frame_000586_fish_00.png,564,449,592,540,0.8665,90.16,0
frame_000586_fish_01.png,767,626,841,651,0.8652,77.36,0
frame_000586_fish_02.png,1046,774,1099,830,0.8638,88.48,0
frame_000586_fish_03.png,563,451,675,604,0.5935,97.62,1
frame_000587_fish_00.png,844,595,914,647,0.8859,84.57,0
frame_000587_fish_01.png,1021,736,1075,790,0.8754,89.19,0
frame_000587_fish_02.png,684,82,797,163,0.8690,90.76,0
frame_000587_fish_03.png,1290,883,1365,930,0.8610,94.53,0
frame_000587_fish_04.png,564,449,592,539,0.8595,89.86,0
frame_000587_fish_05.png,564,451,675,604,0.5886,97.60,1
frame_000588_fish_00.png,894,522,954,598,0.9045,82.20,0
frame_000588_fish_01.png,999,701,1043,755,0.9020,88.87,0
frame_000588_fish_02.png,1293,841,1353,887,0.8851,91.68,0
frame_000588_fish_03.png,565,449,592,540,0.8520,89.47,0
frame_000588_fish_04.png,1210,180,1298,235,0.8330,93.35,0
frame_000588_fish_05.png,564,450,675,604,0.6656,97.58,1
frame_000589_fish_00.png,1143,795,1234,854,0.9076,87.62,0
frame_000589_fish_01.png,990,458,1052,507,0.8934,90.87,0
frame_000589_fish_02.png,1258,177,1335,214,0.8551,88.86,0
frame_000589_fish_03.png,565,449,592,539,0.8549,89.47,0
frame_000589_fish_04.png,980,661,1005,722,0.8429,83.68,0
frame_000589_fish_05.png,564,450,675,604,0.6972,97.58,1
frame_000590_fish_00.png,1053,621,1132,697,0.9123,92.46,0
frame_000590_fish_01.png,954,629,1003,676,0.8930,88.09,0
frame_000590_fish_02.png,565,449,592,538,0.8426,89.25,0
frame_000590_fish_03.png,1312,190,1405,233,0.8080,85.37,0
frame_000590_fish_04.png,564,450,674,604,0.7150,97.51,1
frame_000591_fish_00.png,987,506,1066,571,0.8932,91.50,0
frame_000591_fish_01.png,950,617,1021,657,0.8831,83.76,0
frame_000591_fish_02.png,1387,228,1430,274,0.8777,85.87,0
frame_000591_fish_03.png,565,449,592,540,0.8561,89.43,0
frame_000591_fish_04.png,564,450,675,604,0.6771,97.54,1
frame_000592_fish_00.png,908,418,989,497,0.9086,90.70,0
frame_000592_fish_01.png,1118,581,1155,686,0.9077,72.15,0
frame_000592_fish_02.png,1313,314,1373,390,0.9073,86.89,0
frame_000592_fish_03.png,967,644,1045,680,0.8904,82.80,0
frame_000592_fish_04.png,565,449,592,535,0.8579,88.96,0
frame_000592_fish_05.png,565,450,674,604,0.7046,97.52,1
frame_000593_fish_00.png,892,398,945,492,0.8979,90.70,0
frame_000593_fish_01.png,1146,854,1224,907,0.8940,88.48,0
frame_000593_fish_02.png,1272,489,1317,585,0.8803,82.31,0
frame_000593_fish_03.png,1007,707,1063,758,0.8799,88.46,0
frame_000593_fish_04.png,566,448,593,540,0.8065,88.85,0
frame_000593_fish_05.png,565,449,674,604,0.7896,97.41,1
frame_000594_fish_00.png,1260,690,1296,783,0.9039,72.32,0
frame_000594_fish_01.png,1296,901,1381,959,0.8950,94.17,0
frame_000594_fish_02.png,871,417,904,523,0.8668,85.92,0
frame_000594_fish_03.png,1035,778,1077,815,0.8641,85.42,0
frame_000594_fish_04.png,565,448,593,541,0.7934,89.13,0
frame_000594_fish_05.png,565,449,675,605,0.7926,97.39,1
frame_000595_fish_00.png,1051,822,1117,856,0.9087,79.24,0
frame_000595_fish_01.png,894,587,979,664,0.9073,87.86,0
frame_000595_fish_02.png,1343,871,1403,946,0.8937,90.81,0
frame_000595_fish_03.png,1285,836,1307,889,0.8667,84.51,0
frame_000595_fish_04.png,565,449,674,605,0.8074,97.42,1
frame_000595_fish_05.png,565,448,593,540,0.7941,89.37,0
frame_000596_fish_00.png,1031,692,1122,763,0.9069,88.36,0
frame_000596_fish_01.png,1090,851,1163,882,0.8922,75.91,0
frame_000596_fish_02.png,1339,867,1375,908,0.8900,85.79,0
frame_000596_fish_03.png,565,448,593,539,0.8180,89.22,0
frame_000596_fish_04.png,565,449,674,605,0.7900,97.45,1
frame_000597_fish_00.png,1288,826,1323,891,0.8840,78.51,0
frame_000597_fish_01.png,1135,863,1210,894,0.8754,76.54,0
frame_000597_fish_02.png,565,449,674,605,0.7993,97.43,1
frame_000597_fish_03.png,565,449,593,541,0.7929,89.21,0
frame_000597_fish_04.png,1194,800,1240,880,0.3372,89.28,0
frame_000598_fish_00.png,1342,753,1433,829,0.9080,89.32,0
frame_000598_fish_01.png,1180,862,1253,899,0.8611,85.77,0
frame_000598_fish_02.png,1008,782,1096,844,0.8474,87.75,0
frame_000598_fish_03.png,565,449,593,538,0.8247,88.66,0
frame_000598_fish_04.png,565,450,674,605,0.7622,97.33,1
frame_000598_fish_05.png,628,250,653,311,0.7088,82.69,0
frame_000599_fish_00.png,1229,840,1283,891,0.8994,86.45,0
frame_000599_fish_01.png,1363,851,1397,922,0.8901,86.89,0
frame_000599_fish_02.png,873,759,965,793,0.8861,85.73,0
frame_000599_fish_03.png,1081,737,1113,773,0.8853,81.42,0
frame_000599_fish_04.png,631,358,677,438,0.8808,90.42,0
frame_000599_fish_05.png,565,449,593,539,0.8312,88.97,0
frame_000599_fish_06.png,564,450,674,604,0.7460,97.36,1
frame_000600_fish_00.png,1268,794,1313,858,0.9126,86.38,0
frame_000600_fish_01.png,1046,697,1124,750,0.9038,89.05,0
frame_000600_fish_02.png,1344,852,1391,891,0.8884,83.10,0
frame_000600_fish_03.png,714,791,804,831,0.8854,89.58,0
frame_000600_fish_04.png,565,449,593,541,0.8225,88.99,0
frame_000600_fish_05.png,655,468,681,503,0.7556,82.68,0
frame_000600_fish_06.png,564,450,675,604,0.7160,96.62,1
frame_000601_fish_00.png,632,418,679,515,0.8935,83.50,0
frame_000601_fish_01.png,1225,860,1321,896,0.8886,88.88,0
frame_000601_fish_02.png,1294,706,1311,786,0.8177,82.54,0
frame_000601_fish_03.png,565,449,593,539,0.8130,88.68,0
frame_000601_fish_04.png,1072,620,1094,703,0.7751,87.56,0
frame_000601_fish_05.png,564,449,675,604,0.7191,94.98,0
frame_000601_fish_06.png,630,784,681,840,0.6548,94.92,0
frame_000602_fish_00.png,603,339,655,446,0.8846,83.29,0
frame_000602_fish_01.png,1138,571,1226,610,0.8805,81.74,0
frame_000602_fish_02.png,1291,663,1312,732,0.8674,86.53,0
frame_000602_fish_03.png,564,449,593,541,0.8441,89.28,0
frame_000602_fish_04.png,563,450,674,604,0.7167,97.35,1
frame_000602_fish_05.png,1063,857,1089,897,0.6507,89.04,0
frame_000602_fish_06.png,893,159,935,239,0.5936,82.67,0
frame_000603_fish_00.png,1179,901,1287,940,0.9065,69.24,0
frame_000603_fish_01.png,1278,646,1337,695,0.8900,81.76,0
frame_000603_fish_02.png,1218,531,1293,578,0.8817,86.35,0
frame_000603_fish_03.png,612,295,644,358,0.8724,80.34,0
frame_000603_fish_04.png,564,449,592,542,0.8564,89.28,0
frame_000603_fish_05.png,696,765,766,803,0.7407,87.84,0
frame_000603_fish_06.png,563,450,675,604,0.6837,97.42,1
frame_000604_fish_00.png,1362,705,1424,806,0.8968,85.08,0
frame_000604_fish_01.png,1279,639,1345,685,0.8925,82.31,0
frame_000604_fish_02.png,623,251,667,325,0.8879,88.04,0
frame_000604_fish_03.png,1255,494,1321,541,0.8801,86.40,0
frame_000604_fish_04.png,564,449,593,541,0.8626,89.26,0
frame_000604_fish_05.png,563,450,675,604,0.7103,97.38,1
frame_000605_fish_00.png,1302,620,1369,675,0.9120,83.63,0
frame_000605_fish_01.png,1277,484,1361,531,0.8876,87.71,0
frame_000605_fish_02.png,1389,498,1439,578,0.8760,81.69,0
frame_000605_fish_03.png,564,449,592,541,0.8602,89.19,0
frame_000605_fish_04.png,634,230,672,304,0.7815,90.32,0
frame_000605_fish_05.png,563,450,675,604,0.6894,97.40,1
frame_000606_fish_00.png,1307,447,1365,504,0.8956,88.13,0
frame_000606_fish_01.png,1303,600,1348,635,0.8860,78.28,0
frame_000606_fish_02.png,564,449,593,540,0.8516,89.40,0
frame_000606_fish_03.png,1391,457,1422,559,0.8365,83.76,0
frame_000606_fish_04.png,626,207,663,285,0.8156,87.52,0
frame_000606_fish_05.png,563,450,675,604,0.7012,97.40,1
frame_000607_fish_00.png,1337,694,1398,796,0.8970,81.95,0
frame_000607_fish_01.png,841,779,912,824,0.8955,88.44,0
frame_000607_fish_02.png,1290,596,1361,644,0.8853,83.74,0
frame_000607_fish_03.png,1264,443,1350,477,0.8567,88.21,0
frame_000607_fish_04.png,563,450,592,541,0.8498,89.35,0
frame_000607_fish_05.png,563,450,675,604,0.7170,97.38,1
frame_000608_fish_00.png,921,762,996,816,0.8881,88.86,0
frame_000608_fish_01.png,1320,892,1355,928,0.8864,85.74,0
frame_000608_fish_02.png,1266,595,1338,633,0.8735,79.19,0
frame_000608_fish_03.png,562,451,592,541,0.8651,89.68,0
frame_000608_fish_04.png,1214,438,1294,483,0.8569,91.49,0
frame_000608_fish_05.png,561,451,675,604,0.6021,97.40,1
frame_000609_fish_00.png,1262,617,1319,645,0.9200,77.24,0
frame_000609_fish_01.png,1355,718,1416,825,0.8919,86.22,0
frame_000609_fish_02.png,1079,793,1153,830,0.8913,78.14,0
frame_000609_fish_03.png,562,452,592,540,0.8780,89.36,0
frame_000609_fish_04.png,1134,400,1216,426,0.8680,84.46,0
frame_000609_fish_05.png,590,215,651,275,0.6860,92.73,0
frame_000609_fish_06.png,561,451,675,603,0.5506,97.36,1
frame_000610_fish_00.png,1365,527,1420,616,0.9011,79.28,0
frame_000610_fish_01.png,1079,404,1171,451,0.8941,92.07,0
frame_000610_fish_02.png,585,221,651,283,0.8913,89.68,0
frame_000610_fish_03.png,1232,778,1333,824,0.8909,79.46,0
frame_000610_fish_04.png,1258,628,1295,664,0.8793,80.73,0
frame_000610_fish_05.png,562,452,592,542,0.8763,89.54,0
frame_000610_fish_06.png,563,453,674,604,0.4813,97.39,1
frame_000611_fish_00.png,1243,617,1304,666,0.9062,81.57,0
frame_000611_fish_01.png,1327,687,1359,789,0.8700,90.09,0
frame_000611_fish_02.png,1061,430,1088,523,0.8339,82.98,0
frame_000611_fish_03.png,566,446,674,604,0.8265,97.67,1
frame_000611_fish_04.png,588,239,669,316,0.6392,89.76,0
frame_000611_fish_05.png,567,445,593,533,0.4576,89.63,0
frame_000612_fish_00.png,1068,526,1134,610,0.9038,87.30,0
frame_000612_fish_01.png,650,337,735,411,0.8976,88.84,0
frame_000612_fish_02.png,1300,620,1370,652,0.8939,76.82,0
frame_000612_fish_03.png,1299,526,1348,587,0.8862,85.14,0
frame_000612_fish_04.png,1164,300,1223,388,0.8810,90.57,0
frame_000612_fish_05.png,1388,460,1424,561,0.8715,80.48,0
frame_000612_fish_06.png,566,443,674,603,0.7743,97.63,1
frame_000612_fish_07.png,567,440,593,527,0.5887,89.51,0
frame_000613_fish_00.png,1109,629,1188,682,0.8942,80.97,0
frame_000613_fish_01.png,1208,456,1308,524,0.8907,89.12,0
frame_000613_fish_02.png,1357,769,1409,876,0.8834,81.53,0
frame_000613_fish_03.png,1349,582,1393,654,0.8826,87.97,0
frame_000613_fish_04.png,740,410,831,458,0.8644,84.97,0
frame_000613_fish_05.png,1210,350,1260,442,0.8422,88.73,0
frame_000613_fish_06.png,565,443,674,604,0.7698,97.52,1
frame_000613_fish_07.png,566,441,593,525,0.7264,88.67,0
frame_000614_fish_00.png,806,435,911,506,0.9021,86.82,0
frame_000614_fish_01.png,1343,853,1385,948,0.9012,73.82,0
frame_000614_fish_02.png,1141,683,1238,739,0.8920,81.31,0
frame_000614_fish_03.png,1356,572,1399,629,0.8868,90.48,0
frame_000614_fish_04.png,1104,466,1199,501,0.8805,84.25,0
frame_000614_fish_05.png,1251,414,1292,509,0.8652,84.55,0
frame_000614_fish_06.png,565,441,593,524,0.7873,88.81,0
frame_000614_fish_07.png,565,444,674,604,0.7352,97.50,1
frame_000615_fish_00.png,1003,483,1079,569,0.9135,92.20,0
frame_000615_fish_01.png,1311,614,1353,723,0.8940,74.71,0
frame_000615_fish_02.png,1271,502,1370,543,0.8838,82.86,0
frame_000615_fish_03.png,1200,735,1294,781,0.8829,80.98,0
frame_000615_fish_04.png,879,485,982,544,0.8812,80.26,0
frame_000615_fish_05.png,1330,587,1385,619,0.8589,82.92,0
frame_000615_fish_06.png,565,441,593,524,0.8085,89.01,0
frame_000615_fish_07.png,565,444,675,604,0.7387,97.53,1
frame_000616_fish_00.png,1296,686,1358,771,0.9036,88.01,0
frame_000616_fish_01.png,1289,619,1367,650,0.8923,75.06,0
frame_000616_fish_02.png,891,661,962,713,0.8857,85.64,0
frame_000616_fish_03.png,943,523,1061,569,0.8588,76.23,0
frame_000616_fish_04.png,565,441,593,523,0.8253,88.84,0
frame_000616_fish_05.png,1328,454,1424,581,0.8199,89.71,0
frame_000616_fish_06.png,565,445,675,604,0.7192,97.54,1
frame_000617_fish_00.png,1340,618,1397,706,0.9033,89.16,0
frame_000617_fish_01.png,1038,510,1140,569,0.9025,80.96,0
frame_000617_fish_02.png,1233,656,1307,687,0.8942,70.30,0
frame_000617_fish_03.png,1340,440,1387,541,0.8723,89.32,0
frame_000617_fish_04.png,1404,515,1444,604,0.8660,80.70,0
frame_000617_fish_05.png,730,735,814,780,0.8426,88.83,0
frame_000617_fish_06.png,565,440,593,525,0.8247,89.05,0
frame_000617_fish_07.png,565,444,674,604,0.7302,97.53,1
frame_000618_fish_00.png,1093,487,1202,550,0.8894,83.33,0
frame_000618_fish_01.png,1299,396,1371,485,0.8875,90.97,0
frame_000618_fish_02.png,1180,697,1245,733,0.8871,74.60,0
frame_000618_fish_03.png,1374,780,1443,884,0.8730,87.05,0
frame_000618_fish_04.png,648,730,757,793,0.8536,91.65,0
frame_000618_fish_05.png,565,441,593,523,0.8233,88.86,0
frame_000618_fish_06.png,565,444,674,604,0.7268,97.55,1
frame_000618_fish_07.png,648,730,731,785,0.6663,88.55,0
frame_000618_fish_08.png,1371,604,1394,667,0.3098,89.23,0
frame_000619_fish_00.png,1158,734,1215,766,0.8888,71.91,0
frame_000619_fish_01.png,1273,912,1315,954,0.8847,78.74,0
frame_000619_fish_02.png,1150,483,1250,545,0.8839,83.13,0
frame_000619_fish_03.png,1231,365,1340,403,0.8777,87.40,0
frame_000619_fish_04.png,600,681,650,749,0.8582,84.76,0
frame_000619_fish_05.png,565,441,593,524,0.8499,88.80,0
frame_000619_fish_06.png,565,445,674,604,0.7130,97.47,1
frame_000620_fish_00.png,1165,752,1230,785,0.9168,76.93,0
frame_000620_fish_01.png,1200,330,1273,428,0.9094,93.19,0
frame_000620_fish_02.png,1190,502,1292,555,0.8771,78.99,0
frame_000620_fish_03.png,1341,653,1366,706,0.8738,82.56,0
frame_000620_fish_04.png,1318,913,1420,962,0.8667,91.15,0
frame_000620_fish_05.png,565,441,593,527,0.8475,89.01,0
frame_000620_fish_06.png,564,445,675,604,0.7231,97.52,1
frame_000620_fish_07.png,570,659,602,724,0.5710,87.27,0
frame_000621_fish_00.png,1145,740,1206,797,0.9109,80.70,0
frame_000621_fish_01.png,1250,542,1339,637,0.8901,85.84,0
frame_000621_fish_02.png,1324,708,1373,756,0.8890,84.47,0
frame_000621_fish_03.png,1336,882,1402,943,0.8747,90.76,0
frame_000621_fish_04.png,565,441,593,526,0.8508,88.86,0
frame_000621_fish_05.png,1201,349,1226,454,0.8450,82.52,0
frame_000621_fish_06.png,564,445,675,604,0.7026,97.49,1
frame_000622_fish_00.png,1071,738,1149,780,0.9053,80.51,0
frame_000622_fish_01.png,1286,767,1355,808,0.8812,78.97,0
frame_000622_fish_02.png,618,729,687,790,0.8765,89.69,0
frame_000622_fish_03.png,565,441,593,526,0.8506,88.78,0
frame_000622_fish_04.png,1223,359,1251,469,0.8443,84.93,0
frame_000622_fish_05.png,1340,655,1368,740,0.8440,87.21,0
frame_000622_fish_06.png,564,445,674,604,0.7160,97.42,1
frame_000623_fish_00.png,1325,770,1365,837,0.8987,85.98,0
frame_000623_fish_01.png,1241,812,1296,847,0.8949,73.99,0
frame_000623_fish_02.png,1015,739,1091,780,0.8877,84.96,0
frame_000623_fish_03.png,1270,877,1357,924,0.8851,92.62,0
frame_000623_fish_04.png,1244,425,1285,521,0.8737,89.16,0
frame_000623_fish_05.png,564,441,593,526,0.8568,89.18,0
frame_000623_fish_06.png,564,446,674,604,0.6986,97.48,1
frame_000624_fish_00.png,1247,499,1310,578,0.8936,90.00,0
frame_000624_fish_01.png,1229,843,1312,885,0.8883,77.44,0
frame_000624_fish_02.png,970,742,1045,774,0.8798,81.40,0
frame_000624_fish_03.png,564,442,593,525,0.8777,88.88,0
frame_000624_fish_04.png,1161,804,1246,839,0.8757,74.91,0
frame_000624_fish_05.png,1103,850,1193,892,0.8756,91.18,0
frame_000624_fish_06.png,563,447,675,604,0.6454,97.45,1
frame_000625_fish_00.png,1212,847,1302,883,0.8947,79.02,0
frame_000625_fish_01.png,921,734,998,770,0.8888,78.78,0
frame_000625_fish_02.png,1081,780,1174,819,0.8872,84.31,0
frame_000625_fish_03.png,973,839,1060,887,0.8790,91.27,0
frame_000625_fish_04.png,564,442,593,525,0.8741,89.02,0
frame_000625_fish_05.png,1213,560,1295,590,0.8522,87.74,0
frame_000625_fish_06.png,564,447,674,604,0.6545,97.46,1
frame_000626_fish_00.png,882,713,958,749,0.9220,77.39,0
frame_000626_fish_01.png,1182,451,1225,542,0.8990,90.03,0
frame_000626_fish_02.png,907,878,963,918,0.8748,92.52,0
frame_000626_fish_03.png,1045,686,1078,772,0.8733,90.27,0
frame_000626_fish_04.png,564,443,593,524,0.8722,89.32,0
frame_000626_fish_05.png,563,447,675,604,0.6423,97.56,1
frame_000627_fish_00.png,1145,887,1244,930,0.8937,80.96,0
frame_000627_fish_01.png,867,697,929,736,0.8903,84.77,0
frame_000627_fish_02.png,1237,812,1307,850,0.8795,84.71,0
frame_000627_fish_03.png,564,443,593,525,0.8793,89.51,0
frame_000627_fish_04.png,1204,342,1236,442,0.8534,87.76,0
frame_000627_fish_05.png,563,448,674,604,0.6252,97.58,1
frame_000627_fish_06.png,1074,556,1095,625,0.3460,87.85,0
frame_000628_fish_00.png,1225,805,1294,857,0.8944,77.83,0
frame_000628_fish_01.png,1259,886,1364,928,0.8940,90.43,0
frame_000628_fish_02.png,1112,427,1141,512,0.8853,83.02,0
frame_000628_fish_03.png,564,442,593,526,0.8780,89.10,0
frame_000628_fish_04.png,1209,293,1233,394,0.8502,84.78,0
frame_000628_fish_05.png,857,680,881,731,0.6810,82.03,0
frame_000628_fish_06.png,563,447,675,604,0.6231,97.49,1
frame_000629_fish_00.png,845,679,880,738,0.8990,81.06,0
frame_000629_fish_01.png,1279,835,1376,886,0.8772,85.92,0
frame_000629_fish_02.png,1142,314,1198,407,0.8768,85.45,0
frame_000629_fish_03.png,564,441,593,528,0.8704,89.09,0
frame_000629_fish_04.png,1192,258,1232,359,0.8589,77.05,0
frame_000629_fish_05.png,1311,922,1401,965,0.8462,94.55,0
frame_000629_fish_06.png,563,446,675,604,0.6636,97.48,1
frame_000630_fish_00.png,849,698,903,765,0.9221,83.24,0
frame_000630_fish_01.png,1345,873,1393,915,0.8827,92.61,0
frame_000630_fish_02.png,1173,244,1226,331,0.8809,81.84,0
frame_000630_fish_03.png,564,441,592,529,0.8717,89.12,0
frame_000630_fish_04.png,902,826,985,867,0.8251,91.96,0
frame_000630_fish_05.png,563,445,675,604,0.6872,97.50,1
frame_000631_fish_00.png,874,728,933,780,0.9013,83.08,0
frame_000631_fish_01.png,1254,882,1346,919,0.8873,82.44,0
frame_000631_fish_02.png,563,441,592,531,0.8769,89.63,0
frame_000631_fish_03.png,1167,911,1274,959,0.8766,82.47,0
frame_000631_fish_04.png,1083,820,1145,862,0.8639,87.10,0
frame_000631_fish_05.png,562,446,675,604,0.6332,97.51,1
frame_000632_fish_00.png,914,737,968,778,0.9134,84.12,0
frame_000632_fish_01.png,1156,852,1232,908,0.9047,79.45,0
frame_000632_fish_02.png,563,441,592,529,0.8774,89.81,0
frame_000632_fish_03.png,1005,877,1112,922,0.8724,85.92,0
frame_000632_fish_04.png,562,447,676,604,0.6046,97.56,1
frame_000633_fish_00.png,1043,816,1156,875,0.8993,82.44,0
frame_000633_fish_01.png,946,725,980,758,0.8859,81.53,0
frame_000633_fish_02.png,1270,875,1371,923,0.8845,85.98,0
frame_000633_fish_03.png,827,814,935,853,0.8828,75.96,0
frame_000633_fish_04.png,563,441,592,528,0.8782,89.48,0
frame_000633_fish_05.png,562,447,675,604,0.5914,97.51,1
frame_000634_fish_00.png,772,874,860,918,0.9089,66.88,0
frame_000634_fish_01.png,1316,862,1380,908,0.9015,79.43,0
frame_000634_fish_02.png,914,808,1016,851,0.8842,77.92,0
frame_000634_fish_03.png,918,710,976,751,0.8801,87.06,0
frame_000634_fish_04.png,563,443,592,525,0.8745,89.80,0
frame_000634_fish_05.png,563,448,675,604,0.6329,97.65,1
frame_000635_fish_00.png,1149,816,1254,878,0.9070,80.20,0
frame_000635_fish_01.png,896,715,960,756,0.9009,77.62,0
frame_000635_fish_02.png,794,813,907,862,0.8855,74.41,0
frame_000635_fish_03.png,563,444,592,525,0.8796,89.78,0
frame_000635_fish_04.png,861,877,964,921,0.8701,73.13,0
frame_000635_fish_05.png,562,448,675,604,0.6075,97.69,1
frame_000636_fish_00.png,702,772,775,839,0.9189,82.63,0
frame_000636_fish_01.png,872,722,941,769,0.8997,79.51,0
frame_000636_fish_02.png,1005,915,1074,953,0.8907,91.35,0
frame_000636_fish_03.png,1226,240,1268,333,0.8776,88.41,0
frame_000636_fish_04.png,563,444,592,524,0.8719,89.62,0
frame_000636_fish_05.png,1104,836,1147,890,0.8672,86.07,0
frame_000636_fish_06.png,562,448,675,604,0.6285,97.60,1
frame_000637_fish_00.png,563,444,592,525,0.8813,89.44,0
frame_000637_fish_01.png,679,692,721,776,0.8790,84.98,0
frame_000637_fish_02.png,876,743,898,788,0.8774,78.09,0
frame_000637_fish_03.png,1220,273,1278,354,0.8744,88.71,0
frame_000637_fish_04.png,1262,314,1336,399,0.8612,89.98,0
frame_000637_fish_05.png,1104,925,1191,965,0.8540,95.65,0
frame_000637_fish_06.png,1175,876,1235,917,0.8209,93.64,0
frame_000637_fish_07.png,562,449,675,604,0.5744,97.60,1
frame_000638_fish_00.png,875,756,934,784,0.9168,72.67,0
frame_000638_fish_01.png,663,584,695,678,0.8855,73.30,0
frame_000638_fish_02.png,1212,286,1279,359,0.8841,90.41,0
frame_000638_fish_03.png,562,444,592,525,0.8649,89.49,0
frame_000638_fish_04.png,1253,384,1325,417,0.8135,85.83,0
frame_000638_fish_05.png,561,448,677,603,0.5884,97.15,1
frame_000639_fish_00.png,646,453,688,571,0.8902,84.08,0
frame_000639_fish_01.png,877,750,927,780,0.8879,78.28,0
frame_000639_fish_02.png,1200,285,1278,360,0.8775,84.65,0
frame_000639_fish_03.png,563,444,593,525,0.8708,89.11,0
frame_000639_fish_04.png,1237,343,1322,384,0.8542,88.85,0
frame_000639_fish_05.png,1315,818,1380,902,0.6822,93.70,0
frame_000639_fish_06.png,564,452,671,603,0.2854,94.00,0
frame_000640_fish_00.png,895,749,961,784,0.9340,82.70,0
frame_000640_fish_01.png,1328,714,1385,776,0.9176,84.19,0
frame_000640_fish_02.png,629,384,679,485,0.8876,87.74,0
frame_000640_fish_03.png,563,443,593,525,0.8765,89.47,0
frame_000640_fish_04.png,1209,283,1289,309,0.8223,82.89,0
frame_000640_fish_05.png,563,450,673,604,0.5912,97.12,1
frame_000641_fish_00.png,626,365,668,466,0.8990,87.18,0
frame_000641_fish_01.png,1341,565,1403,643,0.8909,88.09,0
frame_000641_fish_02.png,897,759,968,789,0.8854,86.36,0
frame_000641_fish_03.png,1221,860,1295,918,0.8844,93.14,0
frame_000641_fish_04.png,1204,245,1239,328,0.8820,88.18,0
frame_000641_fish_05.png,563,443,592,526,0.8766,89.12,0
frame_000641_fish_06.png,745,77,833,144,0.8362,90.89,0
frame_000641_fish_07.png,563,450,673,604,0.5945,97.43,1
frame_000642_fish_00.png,1138,741,1220,812,0.9083,83.84,0
frame_000642_fish_01.png,634,344,681,433,0.8924,88.41,0
frame_000642_fish_02.png,761,92,875,156,0.8807,88.64,0
frame_000642_fish_03.png,563,443,592,525,0.8784,89.20,0
frame_000642_fish_04.png,1211,288,1240,376,0.8516,87.41,0
frame_000642_fish_05.png,1424,349,1448,411,0.7829,83.84,0
frame_000642_fish_06.png,562,448,674,604,0.6268,97.55,1
frame_000643_fish_00.png,563,443,592,527,0.8823,89.52,0
frame_000643_fish_01.png,1358,314,1437,374,0.8788,91.32,0
frame_000643_fish_02.png,634,300,703,385,0.8785,91.17,0
frame_000643_fish_03.png,1076,607,1112,703,0.8697,87.28,0
frame_000643_fish_04.png,1220,334,1273,384,0.8633,91.72,0
frame_000643_fish_05.png,561,448,675,604,0.5685,97.60,1
frame_000644_fish_00.png,1097,472,1141,565,0.9026,91.73,0
frame_000644_fish_01.png,976,705,1005,750,0.8943,91.31,0
frame_000644_fish_02.png,600,249,672,336,0.8864,89.34,0
frame_000644_fish_03.png,563,443,592,527,0.8797,89.76,0
frame_000644_fish_04.png,1253,330,1341,392,0.8686,88.09,0
frame_000644_fish_05.png,1265,393,1297,505,0.8618,85.08,0
frame_000644_fish_06.png,1078,252,1197,320,0.6127,81.16,0
frame_000644_fish_07.png,561,448,675,604,0.5916,97.64,1
frame_000645_fish_00.png,1342,373,1386,414,0.8866,82.38,0
frame_000645_fish_01.png,1002,658,1039,697,0.8849,88.40,0
frame_000645_fish_02.png,1148,369,1184,440,0.8837,82.80,0
frame_000645_fish_03.png,563,443,592,529,0.8802,89.71,0
frame_000645_fish_04.png,1137,282,1270,366,0.8646,83.39,0
frame_000645_fish_05.png,596,250,665,307,0.8582,88.64,0
frame_000645_fish_06.png,1356,761,1447,804,0.8433,86.52,0
frame_000645_fish_07.png,562,447,675,604,0.6123,97.63,1
frame_000645_fish_08.png,1148,233,1219,278,0.5601,89.18,0
frame_000646_fish_00.png,1040,600,1088,649,0.8928,88.19,0
frame_000646_fish_01.png,563,442,593,528,0.8824,89.71,0
frame_000646_fish_02.png,1282,380,1370,442,0.8760,81.64,0
frame_000646_fish_03.png,1382,603,1434,686,0.8754,90.90,0
frame_000646_fish_04.png,1282,434,1324,497,0.8165,79.10,0
frame_000646_fish_05.png,562,448,675,604,0.5972,97.58,1
frame_000647_fish_00.png,1270,523,1333,589,0.8954,89.39,0
frame_000647_fish_01.png,669,309,736,361,0.8816,87.66,0
frame_000647_fish_02.png,920,326,1050,402,0.8807,88.04,0
frame_000647_fish_03.png,564,441,593,529,0.8789,89.49,0
frame_000647_fish_04.png,1104,541,1131,590,0.8610,88.78,0
frame_000647_fish_05.png,1213,347,1307,383,0.8374,89.35,0
frame_000647_fish_06.png,563,447,674,604,0.6567,97.51,1
frame_000648_fish_00.png,1123,508,1174,557,0.8992,83.50,0
frame_000648_fish_01.png,1181,756,1227,877,0.8881,75.37,0
frame_000648_fish_02.png,730,369,784,416,0.8799,85.39,0
frame_000648_fish_03.png,564,442,593,526,0.8714,89.18,0
frame_000648_fish_04.png,1157,328,1243,357,0.8600,89.00,0
frame_000648_fish_05.png,563,446,675,604,0.6418,97.52,1
frame_000649_fish_00.png,1109,481,1177,527,0.8899,84.07,0
frame_000649_fish_01.png,762,403,806,449,0.8893,91.46,0
frame_000649_fish_02.png,564,442,593,525,0.8778,89.08,0
frame_000649_fish_03.png,1343,964,1424,1008,0.8762,84.10,0
frame_000649_fish_04.png,563,447,675,604,0.5921,97.55,1
frame_000650_fish_00.png,792,350,830,457,0.8920,78.29,0
frame_000650_fish_01.png,1084,453,1144,513,0.8904,87.79,0
frame_000650_fish_02.png,564,442,593,525,0.8786,89.29,0
frame_000650_fish_03.png,1405,802,1454,909,0.8698,90.67,0
frame_000650_fish_04.png,563,447,675,604,0.5880,97.58,1
frame_000651_fish_00.png,959,669,1039,700,0.9110,77.43,0
frame_000651_fish_01.png,956,363,1042,472,0.9025,89.59,0
frame_000651_fish_02.png,1386,661,1442,769,0.8985,85.65,0
frame_000651_fish_03.png,806,328,834,423,0.8886,81.31,0
frame_000651_fish_04.png,1136,445,1173,513,0.8762,82.85,0
frame_000651_fish_05.png,564,442,592,528,0.8713,89.25,0
frame_000651_fish_06.png,902,169,966,238,0.7429,85.51,0
frame_000651_fish_07.png,563,447,675,604,0.6180,97.56,1
frame_000652_fish_00.png,840,323,931,448,0.9034,84.39,0
frame_000652_fish_01.png,917,705,978,738,0.8870,76.24,0
frame_000652_fish_02.png,599,270,684,310,0.8835,84.45,0
frame_000652_fish_03.png,1377,529,1410,627,0.8795,80.70,0
frame_000652_fish_04.png,563,442,592,525,0.8779,89.52,0
frame_000652_fish_05.png,1071,385,1158,425,0.8641,88.30,0
frame_000652_fish_06.png,686,103,761,148,0.7343,92.33,0
frame_000652_fish_07.png,563,447,675,604,0.5999,97.53,1
frame_000653_fish_00.png,895,663,930,748,0.8982,74.68,0
frame_000653_fish_01.png,1150,474,1261,543,0.8880,86.92,0
frame_000653_fish_02.png,563,442,592,528,0.8805,89.47,0
frame_000653_fish_03.png,565,267,621,316,0.8488,87.50,0
frame_000653_fish_04.png,839,47,929,173,0.7989,90.47,0
frame_000653_fish_05.png,1031,359,1083,388,0.7231,88.01,0
frame_000653_fish_06.png,562,447,675,604,0.6059,97.55,1
frame_000654_fish_00.png,1061,832,1107,900,0.8937,73.46,0
frame_000654_fish_01.png,894,606,940,685,0.8919,78.56,0
frame_000654_fish_02.png,562,455,592,499,0.8532,86.74,0
frame_000654_fish_03.png,595,216,632,302,0.6980,92.40,0
frame_000654_fish_04.png,1020,359,1070,398,0.4187,86.17,0
frame_000655_fish_00.png,897,576,945,653,0.8934,78.91,0
frame_000655_fish_01.png,973,369,1071,415,0.8797,92.24,0
frame_000655_fish_02.png,592,203,658,296,0.8794,90.61,0
frame_000655_fish_03.png,976,919,1093,960,0.8618,79.67,0
frame_000655_fish_04.png,564,476,589,560,0.7451,82.98,0
frame_000656_fish_00.png,962,400,1016,496,0.8981,87.55,0
frame_000656_fish_01.png,1275,871,1378,927,0.8961,80.13,0
frame_000656_fish_02.png,899,572,950,633,0.8939,80.93,0
frame_000656_fish_03.png,811,70,937,125,0.7863,86.76,0
frame_000656_fish_04.png,564,507,587,594,0.6622,82.94,0
frame_000656_fish_05.png,591,205,637,275,0.6596,93.23,0
frame_000657_fish_00.png,903,591,937,629,0.8703,76.13,0
frame_000657_fish_01.png,853,114,947,173,0.8642,88.60,0
frame_000657_fish_02.png,1411,769,1453,880,0.8519,86.72,0
frame_000657_fish_03.png,591,194,633,278,0.8280,91.76,0
frame_000657_fish_04.png,564,515,588,594,0.6404,83.51,0
frame_000657_fish_05.png,1000,502,1062,536,0.6099,87.83,0
frame_000658_fish_00.png,897,580,949,640,0.9029,81.53,0
frame_000658_fish_01.png,975,477,1065,526,0.8927,86.52,0
frame_000658_fish_02.png,1407,533,1440,642,0.8850,79.91,0
frame_000658_fish_03.png,578,175,633,276,0.8127,91.96,0
frame_000658_fish_04.png,564,513,588,593,0.6533,83.20,0
frame_000658_fish_05.png,882,100,939,165,0.6361,90.01,0
frame_000659_fish_00.png,568,167,627,277,0.8963,91.42,0
frame_000659_fish_01.png,958,490,1029,527,0.8842,84.52,0
frame_000659_fish_02.png,903,577,939,624,0.8706,78.41,0
frame_000659_fish_03.png,1304,466,1377,509,0.8291,84.06,0
frame_000659_fish_04.png,564,506,589,593,0.5884,83.96,0
frame_000660_fish_00.png,1104,633,1156,746,0.9129,78.75,0
frame_000660_fish_01.png,567,170,628,278,0.8996,90.26,0
frame_000660_fish_02.png,946,505,984,594,0.8771,86.45,0
frame_000660_fish_03.png,921,585,956,617,0.8635,74.59,0
frame_000660_fish_04.png,565,507,589,593,0.5671,83.56,0
frame_000661_fish_00.png,999,606,1073,674,0.8851,88.27,0
frame_000661_fish_01.png,930,604,989,636,0.8776,74.46,0
frame_000661_fish_02.png,1298,918,1414,976,0.8697,85.34,0
frame_000661_fish_03.png,1010,358,1055,497,0.8319,87.60,0
frame_000661_fish_04.png,570,176,628,276,0.5714,93.44,0
frame_000661_fish_05.png,564,507,589,592,0.5381,84.23,0
frame_000661_fish_06.png,569,176,623,215,0.4629,85.25,0
frame_000662_fish_00.png,1099,702,1195,766,0.9080,83.73,0
frame_000662_fish_01.png,918,655,980,693,0.8810,82.35,0
frame_000662_fish_02.png,1411,759,1457,868,0.8540,84.75,0
frame_000662_fish_03.png,995,536,1046,669,0.8524,92.20,0
frame_000662_fish_04.png,564,509,589,591,0.5440,83.75,0
frame_000663_fish_00.png,854,697,894,730,0.8955,79.26,0
frame_000663_fish_01.png,968,726,1095,790,0.8947,89.74,0
frame_000663_fish_02.png,1417,576,1450,679,0.8937,77.54,0
frame_000663_fish_03.png,583,260,627,312,0.8775,84.14,0
frame_000663_fish_04.png,564,508,589,591,0.4919,84.05,0
frame_000664_fish_00.png,1123,689,1224,789,0.8982,84.36,0
frame_000664_fish_01.png,1393,410,1452,513,0.8788,85.00,0
frame_000664_fish_02.png,632,331,681,371,0.8727,85.44,0
frame_000664_fish_03.png,835,727,858,768,0.6024,80.70,0
frame_000664_fish_04.png,564,509,588,590,0.5118,83.84,0
frame_000665_fish_00.png,1077,521,1142,608,0.9087,91.53,0
frame_000665_fish_01.png,1395,213,1455,295,0.9055,91.80,0
frame_000665_fish_02.png,820,758,875,801,0.9029,82.37,0
frame_000665_fish_03.png,696,364,786,402,0.8820,81.69,0
frame_000665_fish_04.png,1272,501,1360,626,0.8815,90.90,0
frame_000665_fish_05.png,564,508,589,590,0.4549,84.34,0
frame_000666_fish_00.png,870,793,939,829,0.8958,86.72,0
frame_000666_fish_01.png,988,426,1079,480,0.8914,91.46,0
frame_000666_fish_02.png,847,370,958,410,0.8603,78.79,0
frame_000666_fish_03.png,1344,385,1406,494,0.8532,88.62,0
frame_000666_fish_04.png,1414,465,1440,564,0.8062,84.04,0
frame_000666_fish_05.png,564,510,588,590,0.4922,83.72,0
frame_000667_fish_00.png,943,773,1009,815,0.8912,88.21,0
frame_000667_fish_01.png,999,404,1059,455,0.8802,80.92,0
frame_000667_fish_02.png,1367,681,1422,777,0.8734,85.43,0
frame_000667_fish_03.png,766,289,846,363,0.8730,85.88,0
frame_000667_fish_04.png,861,288,1012,340,0.8559,79.76,0
frame_000667_fish_05.png,903,215,967,251,0.7759,86.34,0
frame_000667_fish_06.png,564,509,588,590,0.5943,83.77,0
frame_000668_fish_00.png,1013,446,1097,496,0.8925,81.72,0
frame_000668_fish_01.png,594,370,656,414,0.7760,75.92,0
frame_000668_fish_02.png,847,201,934,246,0.7631,89.65,0
frame_000668_fish_03.png,1007,722,1034,762,0.7247,88.22,0
frame_000668_fish_04.png,563,509,587,590,0.7103,84.31,0
frame_000668_fish_05.png,594,370,695,414,0.5903,82.28,0
frame_000669_fish_00.png,993,654,1027,698,0.9030,86.78,0
frame_000669_fish_01.png,991,329,1043,419,0.8889,92.66,0
frame_000669_fish_02.png,665,380,720,436,0.8825,90.33,0
frame_000669_fish_03.png,568,305,706,396,0.8509,85.66,0
frame_000669_fish_04.png,564,506,588,590,0.7338,84.58,0
frame_000670_fish_00.png,1042,308,1128,342,0.8518,88.75,0
frame_000670_fish_01.png,668,350,719,405,0.8498,88.78,0
frame_000670_fish_02.png,992,600,1011,658,0.8477,84.98,0
frame_000670_fish_03.png,646,261,788,342,0.8308,86.96,0
frame_000670_fish_04.png,564,510,588,590,0.6408,84.13,0
frame_000671_fish_00.png,1121,295,1197,368,0.8985,90.50,0
frame_000671_fish_01.png,985,575,1041,608,0.8872,84.21,0
frame_000671_fish_02.png,653,358,727,407,0.8834,83.79,0
frame_000671_fish_03.png,747,233,870,296,0.8309,85.68,0
frame_000671_fish_04.png,563,509,588,591,0.6969,84.91,0
frame_000672_fish_00.png,693,378,779,467,0.8898,88.16,0
frame_000672_fish_01.png,1013,565,1072,595,0.8844,83.77,0
frame_000672_fish_02.png,1191,412,1221,507,0.8620,86.40,0
frame_000672_fish_03.png,564,508,588,590,0.6051,84.21,0
frame_000673_fish_00.png,1037,569,1110,597,0.9283,79.08,0
frame_000673_fish_01.png,742,468,786,510,0.8855,81.89,0
frame_000673_fish_02.png,1225,594,1250,681,0.8553,83.91,0
frame_000673_fish_03.png,1299,873,1350,934,0.7234,94.03,0
frame_000673_fish_04.png,564,509,588,590,0.5393,83.88,0
frame_000674_fish_00.png,756,514,813,578,0.8983,86.04,0
frame_000674_fish_01.png,1077,578,1123,616,0.8820,84.04,0
frame_000674_fish_02.png,1249,778,1302,863,0.8663,92.55,0
frame_000674_fish_03.png,1311,829,1353,892,0.8649,92.41,0
frame_000674_fish_04.png,564,509,587,591,0.5608,83.87,0
frame_000675_fish_00.png,1083,592,1111,630,0.8943,79.30,0
frame_000675_fish_01.png,796,573,845,620,0.8925,74.46,0
frame_000675_fish_02.png,1344,713,1376,763,0.8767,83.33,0
frame_000675_fish_03.png,1251,842,1304,903,0.7794,91.90,0
frame_000675_fish_04.png,563,510,587,591,0.5920,84.30,0
frame_000675_fish_05.png,1384,713,1424,756,0.4848,89.50,0
frame_000676_fish_00.png,1026,576,1085,644,0.9116,84.58,0
frame_000676_fish_01.png,1338,688,1368,757,0.8874,83.13,0
frame_000676_fish_02.png,766,515,824,596,0.8828,89.78,0
frame_000676_fish_03.png,1289,350,1313,438,0.7959,81.46,0
frame_000676_fish_04.png,1172,819,1238,857,0.6963,89.48,0
frame_000676_fish_05.png,564,511,587,591,0.5809,83.87,0
frame_000677_fish_00.png,971,553,1027,624,0.9102,82.19,0
frame_000677_fish_01.png,762,462,827,564,0.8931,89.15,0
frame_000677_fish_02.png,1077,759,1160,792,0.8896,82.97,0
frame_000677_fish_03.png,1381,548,1412,631,0.8825,83.50,0
frame_000677_fish_04.png,771,249,838,326,0.8531,88.19,0
frame_000677_fish_05.png,1288,420,1314,507,0.8448,88.86,0
frame_000677_fish_06.png,563,509,588,591,0.5817,84.63,0
frame_000678_fish_00.png,975,658,1015,713,0.8961,82.20,0
frame_000678_fish_01.png,947,548,989,602,0.8954,83.74,0
frame_000678_fish_02.png,752,418,805,519,0.8854,85.80,0
frame_000678_fish_03.png,1414,321,1451,400,0.8581,85.22,0
frame_000678_fish_04.png,1220,505,1308,535,0.8498,82.07,0
frame_000678_fish_05.png,564,509,588,591,0.5971,84.21,0
frame_000679_fish_00.png,1182,484,1266,546,0.9020,87.82,0
frame_000679_fish_01.png,1380,161,1454,258,0.8984,94.67,0
frame_000679_fish_02.png,749,395,816,493,0.8939,89.71,0
frame_000679_fish_03.png,928,579,1005,662,0.8928,86.25,0
frame_000679_fish_04.png,563,509,588,590,0.6654,84.74,0
frame_000680_fish_00.png,1137,479,1212,536,0.8866,93.24,0
frame_000680_fish_01.png,1398,163,1436,277,0.8847,93.14,0
frame_000680_fish_02.png,681,354,753,414,0.8842,86.53,0
frame_000680_fish_03.png,940,556,1010,617,0.8666,78.68,0
frame_000680_fish_04.png,1212,189,1341,272,0.8621,87.70,0
frame_000680_fish_05.png,563,508,587,590,0.7076,84.65,0
frame_000681_fish_00.png,976,611,1056,643,0.8930,79.49,0
frame_000681_fish_01.png,934,509,975,581,0.8929,83.14,0
frame_000681_fish_02.png,1142,500,1170,590,0.8866,82.19,0
frame_000681_fish_03.png,603,316,673,360,0.8740,84.20,0
frame_000681_fish_04.png,563,507,588,590,0.6596,84.73,0
frame_000682_fish_00.png,901,465,947,557,0.8998,84.03,0
frame_000682_fish_01.png,1163,601,1200,681,0.8959,76.80,0
frame_000682_fish_02.png,1351,430,1422,494,0.8942,82.04,0
frame_000682_fish_03.png,587,339,658,394,0.8889,85.71,0
frame_000682_fish_04.png,1014,664,1082,695,0.8830,81.55,0
frame_000682_fish_05.png,563,510,588,590,0.6861,84.25,0
frame_000683_fish_00.png,1071,685,1143,725,0.9086,80.91,0
frame_000683_fish_01.png,1179,703,1228,773,0.8941,78.78,0
frame_000683_fish_02.png,895,391,929,495,0.8883,84.33,0
frame_000683_fish_03.png,1416,344,1436,392,0.6339,86.04,0
frame_000683_fish_04.png,563,511,587,590,0.6255,84.22,0
frame_000683_fish_05.png,620,292,644,375,0.3263,86.76,0
frame_000684_fish_00.png,1142,648,1189,714,0.9079,78.27,0
frame_000684_fish_01.png,860,351,921,432,0.9058,91.28,0
frame_000684_fish_02.png,1211,768,1297,820,0.8995,81.41,0
frame_000684_fish_03.png,634,263,678,318,0.8404,88.93,0
frame_000684_fish_04.png,1335,275,1378,373,0.8382,87.06,0
frame_000684_fish_05.png,563,511,588,590,0.5956,84.12,0
frame_000685_fish_00.png,1162,581,1195,657,0.9055,81.40,0
frame_000685_fish_01.png,1286,790,1370,853,0.8991,84.52,0
frame_000685_fish_02.png,1313,240,1416,288,0.8709,91.95,0
frame_000685_fish_03.png,891,295,960,366,0.8652,93.43,0
frame_000685_fish_04.png,563,512,589,590,0.5785,84.00,0
frame_000685_fish_05.png,864,107,971,170,0.3212,83.91,0
frame_000686_fish_00.png,1376,331,1411,442,0.8839,86.06,0
frame_000686_fish_01.png,1336,816,1369,875,0.8700,90.94,0
frame_000686_fish_02.png,1155,539,1213,613,0.8624,86.58,0
frame_000686_fish_03.png,563,512,589,589,0.6017,83.85,0
frame_000687_fish_00.png,1179,526,1249,576,0.8933,83.78,0
frame_000687_fish_01.png,1391,460,1453,548,0.8787,87.00,0
frame_000687_fish_02.png,1329,852,1380,892,0.8159,93.34,0
frame_000687_fish_03.png,564,516,590,590,0.5753,83.22,0
frame_000688_fish_00.png,1212,500,1282,559,0.9074,85.73,0
frame_000688_fish_01.png,1415,368,1453,473,0.8698,81.43,0
frame_000688_fish_02.png,864,125,914,162,0.7556,92.55,0
frame_000688_fish_03.png,563,512,590,590,0.5704,83.97,0
frame_000688_fish_04.png,1317,878,1367,914,0.2500,94.27,0
frame_000689_fish_00.png,1263,863,1333,903,0.9080,92.48,0
frame_000689_fish_01.png,1252,423,1305,502,0.9004,85.26,0
frame_000689_fish_02.png,1290,299,1363,336,0.7292,91.47,0
frame_000689_fish_03.png,563,514,590,589,0.5916,83.85,0
frame_000690_fish_00.png,1163,504,1246,600,0.8926,87.02,0
frame_000690_fish_01.png,1253,425,1342,460,0.8799,80.26,0
frame_000690_fish_02.png,1212,832,1287,877,0.8721,92.21,0
frame_000690_fish_03.png,1149,345,1202,393,0.8499,85.81,0
frame_000690_fish_04.png,1082,286,1168,348,0.8406,75.95,0
frame_000690_fish_05.png,865,101,924,145,0.6830,89.66,0
frame_000690_fish_06.png,563,513,590,589,0.5806,83.96,0
frame_000691_fish_00.png,1176,759,1227,827,0.9056,87.54,0
frame_000691_fish_01.png,1342,793,1454,847,0.8934,84.79,0
frame_000691_fish_02.png,1310,433,1371,481,0.8666,89.02,0
frame_000691_fish_03.png,1155,308,1223,438,0.8653,85.21,0
frame_000691_fish_04.png,563,512,590,588,0.5905,83.62,0
frame_000692_fish_00.png,1165,423,1254,500,0.9138,77.36,0
frame_000692_fish_01.png,1132,711,1199,748,0.8916,89.18,0
frame_000692_fish_02.png,1396,584,1442,685,0.8847,78.28,0
frame_000692_fish_03.png,887,257,962,316,0.8762,93.67,0
frame_000692_fish_04.png,563,512,590,589,0.6012,83.94,0
frame_000692_fish_05.png,1375,493,1421,538,0.4690,86.96,0
frame_000693_fish_00.png,1095,703,1145,762,0.9026,94.52,0
frame_000693_fish_01.png,1096,289,1189,421,0.8923,82.47,0
frame_000693_fish_02.png,1138,454,1224,493,0.8764,89.08,0
frame_000693_fish_03.png,1354,519,1401,552,0.8726,81.25,0
frame_000693_fish_04.png,912,270,1004,317,0.8148,91.61,0
frame_000693_fish_05.png,1427,446,1458,498,0.8085,77.42,0
frame_000693_fish_06.png,563,513,591,588,0.5957,83.96,0
frame_000694_fish_00.png,1421,304,1460,406,0.8956,83.72,0
frame_000694_fish_01.png,1080,729,1136,778,0.8944,91.94,0
frame_000694_fish_02.png,1166,482,1220,546,0.8819,88.42,0
frame_000694_fish_03.png,564,515,591,587,0.5512,83.33,0
frame_000694_fish_04.png,985,294,1052,327,0.3024,84.43,0
frame_000695_fish_00.png,623,279,683,330,0.9077,86.84,0
frame_000695_fish_01.png,1052,738,1116,772,0.9035,89.89,0
frame_000695_fish_02.png,1346,503,1393,557,0.8844,83.56,0
frame_000695_fish_03.png,1250,313,1340,379,0.8809,91.24,0
frame_000695_fish_04.png,1226,519,1337,559,0.8593,80.56,0
frame_000695_fish_05.png,564,512,591,589,0.6140,84.08,0
frame_000696_fish_00.png,707,308,788,353,0.8819,84.37,0
frame_000696_fish_01.png,1345,482,1405,539,0.8059,79.37,0
frame_000696_fish_02.png,1043,732,1089,774,0.8016,91.49,0
frame_000696_fish_03.png,1042,335,1117,411,0.7944,89.50,0
frame_000696_fish_04.png,1323,487,1405,550,0.6099,83.93,0
frame_000696_fish_05.png,564,512,590,589,0.5882,83.79,0
frame_000696_fish_06.png,1323,516,1405,551,0.5862,84.03,0
frame_000697_fish_00.png,1233,456,1367,524,0.9086,82.31,0
frame_000697_fish_01.png,1038,259,1138,328,0.8836,87.81,0
frame_000697_fish_02.png,817,326,920,386,0.8835,85.83,0
frame_000697_fish_03.png,1033,740,1085,770,0.8760,86.63,0
frame_000697_fish_04.png,563,513,591,589,0.4993,84.15,0
frame_000698_fish_00.png,1013,671,1061,730,0.8952,87.00,0
frame_000698_fish_01.png,971,377,1058,424,0.8825,80.55,0
frame_000698_fish_02.png,1207,549,1243,656,0.8762,85.80,0
frame_000698_fish_03.png,1110,316,1173,407,0.8631,77.42,0
frame_000698_fish_04.png,1140,404,1252,449,0.8610,77.70,0
frame_000698_fish_05.png,564,517,591,589,0.5690,83.45,0
frame_000699_fish_00.png,1186,630,1235,687,0.9045,78.86,0
frame_000699_fish_01.png,880,376,948,505,0.8917,85.42,0
frame_000699_fish_02.png,1317,372,1394,465,0.8852,89.63,0
frame_000699_fish_03.png,1179,479,1243,510,0.8683,73.11,0
frame_000699_fish_04.png,1172,428,1257,481,0.8545,82.72,0
frame_000699_fish_05.png,563,515,590,588,0.5735,83.72,0
frame_000700_fish_00.png,1219,738,1294,785,0.9009,79.61,0
frame_000700_fish_01.png,1025,574,1061,636,0.9003,81.71,0
frame_000700_fish_02.png,1083,479,1165,512,0.8911,75.43,0
frame_000700_fish_03.png,1296,409,1325,481,0.8624,88.55,0
frame_000700_fish_04.png,820,264,882,387,0.8494,93.56,0
frame_000700_fish_05.png,1281,273,1373,324,0.8485,92.58,0
frame_000700_fish_06.png,563,516,591,588,0.6204,83.79,0
frame_000701_fish_00.png,1186,780,1278,833,0.8966,75.96,0
frame_000701_fish_01.png,1140,375,1243,447,0.8849,84.95,0
frame_000701_fish_02.png,1314,392,1349,440,0.8509,87.69,0
frame_000701_fish_03.png,1005,487,1089,568,0.7662,85.50,0
frame_000701_fish_04.png,1006,487,1089,529,0.6750,75.29,0
frame_000701_fish_05.png,563,514,590,589,0.5978,84.14,0
frame_000702_fish_00.png,1130,682,1192,778,0.9073,79.05,0
frame_000702_fish_01.png,1064,438,1106,507,0.8961,89.62,0
frame_000702_fish_02.png,1274,411,1360,450,0.8915,72.68,0
frame_000702_fish_03.png,933,507,1011,539,0.8871,69.62,0
frame_000702_fish_04.png,884,437,986,494,0.8733,83.13,0
frame_000702_fish_05.png,563,515,590,588,0.5664,83.91,0
frame_000702_fish_06.png,1080,265,1113,327,0.4134,83.97,0
frame_000703_fish_00.png,1083,632,1154,704,0.9133,82.97,0
frame_000703_fish_01.png,608,295,671,385,0.9038,88.24,0
frame_000703_fish_02.png,864,541,946,573,0.8861,72.45,0
frame_000703_fish_03.png,1185,415,1292,453,0.8816,75.57,0
frame_000703_fish_04.png,997,415,1075,473,0.8804,91.05,0
frame_000703_fish_05.png,832,274,986,330,0.8032,87.40,0
frame_000703_fish_06.png,563,511,590,588,0.6074,84.70,0
frame_000704_fish_00.png,812,571,880,601,0.9188,72.90,0
frame_000704_fish_01.png,965,642,1067,703,0.8977,86.41,0
frame_000704_fish_02.png,1165,370,1264,414,0.8798,81.44,0
frame_000704_fish_03.png,541,253,573,353,0.8731,87.78,0
frame_000704_fish_04.png,958,453,984,551,0.8684,82.62,0
frame_000704_fish_05.png,911,292,1050,360,0.8675,84.39,0
frame_000704_fish_06.png,563,514,591,588,0.5595,84.26,0
frame_000705_fish_00.png,851,597,937,671,0.9034,80.80,0
frame_000705_fish_01.png,1190,466,1224,569,0.8748,88.94,0
frame_000705_fish_02.png,769,604,832,634,0.8711,76.19,0
frame_000705_fish_03.png,634,172,739,227,0.8649,88.70,0
frame_000705_fish_04.png,896,316,1011,393,0.8554,84.19,0
frame_000705_fish_05.png,902,561,967,603,0.7971,85.25,0
frame_000705_fish_06.png,1101,268,1158,345,0.7153,86.22,0
frame_000705_fish_07.png,564,517,589,587,0.5436,83.10,0
frame_000705_fish_08.png,1099,234,1203,345,0.3172,92.77,0
frame_000706_fish_00.png,1077,278,1149,365,0.9063,90.99,0
frame_000706_fish_01.png,1202,611,1259,664,0.9022,77.57,0
frame_000706_fish_02.png,794,572,850,668,0.8866,86.26,0
frame_000706_fish_03.png,754,299,884,368,0.8798,78.38,0
frame_000706_fish_04.png,790,483,900,526,0.8625,81.91,0
frame_000706_fish_05.png,728,605,798,649,0.8461,80.07,0
frame_000706_fish_06.png,862,513,900,565,0.8432,85.83,0
frame_000706_fish_07.png,558,562,584,639,0.8313,88.30,0
frame_000707_fish_00.png,1041,310,1128,371,0.8998,91.79,0
frame_000707_fish_01.png,1153,513,1255,593,0.8947,86.25,0
frame_000707_fish_02.png,697,592,771,637,0.8940,79.98,0
frame_000707_fish_03.png,1219,664,1324,705,0.8865,74.28,0
frame_000707_fish_04.png,580,668,625,697,0.8758,76.22,0
frame_000707_fish_05.png,818,604,881,647,0.8686,78.89,0
frame_000707_fish_06.png,866,351,904,435,0.8513,84.28,0
frame_000707_fish_07.png,473,666,513,697,0.8352,84.67,0
frame_000707_fish_08.png,833,440,903,511,0.5848,82.10,0
frame_000708_fish_00.png,829,588,870,669,0.9001,82.67,0
frame_000708_fish_01.png,1308,515,1350,614,0.8948,86.72,0
frame_000708_fish_02.png,741,420,845,506,0.8863,88.01,0
frame_000708_fish_03.png,1274,690,1353,730,0.8829,81.17,0
frame_000708_fish_04.png,663,661,719,702,0.8791,81.14,0
frame_000708_fish_05.png,683,572,730,625,0.8617,82.82,0
frame_000708_fish_06.png,1043,309,1109,349,0.7858,83.83,0
frame_000709_fish_00.png,942,407,1026,468,0.9128,92.75,0
frame_000709_fish_01.png,708,622,774,660,0.8739,80.53,0
frame_000709_fish_02.png,1311,625,1356,717,0.8691,89.23,0
frame_000709_fish_03.png,1349,422,1440,495,0.8672,89.18,0
frame_000709_fish_04.png,677,573,704,632,0.8548,75.94,0
frame_000709_fish_05.png,724,346,768,476,0.8072,87.37,0
frame_000709_fish_06.png,718,345,766,407,0.2668,86.56,0
frame_000710_fish_00.png,695,292,833,369,0.8949,86.61,0
frame_000710_fish_01.png,641,568,685,646,0.8925,78.54,0
frame_000710_fish_02.png,1084,356,1171,418,0.8914,89.11,0
frame_000710_fish_03.png,1255,540,1315,632,0.8870,87.32,0
frame_000710_fish_04.png,765,584,842,625,0.8712,80.44,0
frame_000710_fish_05.png,1388,652,1442,756,0.8428,91.46,0
frame_000711_fish_00.png,624,617,673,691,0.8950,78.85,0
frame_000711_fish_01.png,1221,488,1287,591,0.8826,82.53,0
frame_000711_fish_02.png,1356,910,1398,956,0.8649,87.72,0
frame_000711_fish_03.png,804,474,867,578,0.8405,92.05,0
frame_000711_fish_04.png,1212,538,1244,635,0.8011,89.98,0
frame_000711_fish_05.png,771,282,884,356,0.5169,85.16,0
frame_000712_fish_00.png,1241,748,1314,840,0.9113,86.72,0
frame_000712_fish_01.png,684,447,790,485,0.8994,79.25,0
frame_000712_fish_02.png,1201,433,1257,541,0.8854,90.68,0
frame_000712_fish_03.png,607,651,633,702,0.8850,84.66,0
frame_000713_fish_00.png,1135,423,1220,481,0.8979,81.00,0
frame_000713_fish_01.png,601,693,653,730,0.8969,72.00,0
frame_000713_fish_02.png,619,469,675,558,0.8757,92.71,0
frame_000713_fish_03.png,730,201,824,321,0.8398,89.00,0
frame_000714_fish_00.png,1245,664,1281,757,0.9072,82.38,0
frame_000714_fish_01.png,574,558,645,623,0.9019,80.53,0
frame_000714_fish_02.png,634,737,703,778,0.9017,74.56,0
frame_000714_fish_03.png,1182,416,1266,458,0.8681,73.74,0
frame_000714_fish_04.png,1233,322,1275,416,0.8390,86.01,0
frame_000714_fish_05.png,1173,475,1263,517,0.8356,91.66,0
frame_000715_fish_00.png,1122,334,1197,408,0.8966,91.74,0
frame_000715_fish_01.png,672,759,756,791,0.8896,73.02,0
frame_000715_fish_02.png,718,117,840,199,0.8849,87.85,0
frame_000715_fish_03.png,1067,544,1157,589,0.8723,80.36,0
frame_000715_fish_04.png,612,621,727,657,0.8662,77.28,0
frame_000715_fish_05.png,1254,422,1284,462,0.7356,79.73,0
frame_000715_fish_06.png,1067,505,1116,550,0.5053,85.60,0
frame_000715_fish_07.png,1067,516,1150,588,0.2721,83.07,0
frame_000716_fish_00.png,722,534,792,616,0.9017,93.24,0
frame_000716_fish_01.png,887,274,966,369,0.9014,81.69,0
frame_000716_fish_02.png,724,763,808,794,0.8900,72.16,0
frame_000716_fish_03.png,1210,430,1273,475,0.8882,77.87,0
frame_000716_fish_04.png,1119,477,1214,506,0.8423,85.61,0
frame_000716_fish_05.png,979,537,1029,576,0.7913,81.29,0
frame_000716_fish_06.png,1085,281,1177,318,0.7739,88.96,0
frame_000717_fish_00.png,974,346,1056,427,0.9077,91.35,0
frame_000717_fish_01.png,752,485,808,553,0.9051,88.07,0
frame_000717_fish_02.png,785,755,841,790,0.8814,79.65,0
frame_000717_fish_03.png,1203,462,1284,545,0.8322,85.77,0
frame_000717_fish_04.png,1203,465,1303,530,0.6326,84.81,0
frame_000717_fish_05.png,1082,575,1113,638,0.6147,92.05,0
frame_000718_fish_00.png,1110,719,1184,797,0.9074,86.98,0
frame_000718_fish_01.png,632,472,743,511,0.8966,78.32,0
frame_000718_fish_02.png,802,736,875,776,0.8961,76.59,0
frame_000718_fish_03.png,1299,514,1377,561,0.8833,89.46,0
frame_000718_fish_04.png,1279,569,1312,652,0.8787,85.30,0
frame_000718_fish_05.png,1018,263,1099,377,0.7113,88.60,0
frame_000719_fish_00.png,817,739,895,785,0.9135,80.01,0
frame_000719_fish_01.png,574,497,624,580,0.8826,88.59,0
frame_000719_fish_02.png,1346,525,1386,567,0.8785,81.64,0
frame_000719_fish_03.png,1246,676,1294,744,0.8746,85.61,0
frame_000719_fish_04.png,1225,834,1296,891,0.8256,92.07,0
frame_000720_fish_00.png,839,747,911,796,0.9077,80.85,0
frame_000720_fish_01.png,527,564,597,662,0.8969,84.79,0
frame_000720_fish_02.png,1141,745,1247,783,0.8905,72.74,0
frame_000720_fish_03.png,1286,550,1376,591,0.8825,80.51,0
frame_000720_fish_04.png,1222,847,1307,903,0.8732,93.47,0
frame_000720_fish_05.png,1332,822,1388,874,0.8392,90.34,0
frame_000721_fish_00.png,862,757,922,800,0.9106,81.90,0
frame_000721_fish_01.png,1008,741,1103,778,0.8858,82.44,0
frame_000721_fish_02.png,1081,790,1176,825,0.8702,85.73,0
frame_000721_fish_03.png,551,666,610,701,0.8639,80.75,0
frame_000721_fish_04.png,1239,561,1330,604,0.8457,90.18,0
frame_000722_fish_00.png,906,796,944,842,0.8890,86.66,0
frame_000722_fish_01.png,569,686,595,724,0.8773,77.63,0
frame_000722_fish_02.png,1178,533,1266,579,0.8611,91.23,0
frame_000722_fish_03.png,947,717,969,760,0.7246,74.48,0
frame_000722_fish_04.png,900,730,985,786,0.5727,87.39,0
frame_000722_fish_05.png,900,750,991,786,0.5366,87.25,0
frame_000722_fish_06.png,901,719,973,784,0.4256,86.56,0
frame_000722_fish_07.png,944,717,971,772,0.4001,77.33,0
frame_000722_fish_08.png,948,717,991,772,0.3884,83.40,0
frame_000723_fish_00.png,896,643,946,734,0.9004,78.20,0
frame_000723_fish_01.png,1130,525,1203,574,0.8807,90.19,0
frame_000723_fish_02.png,544,641,576,705,0.8718,88.52,0
frame_000723_fish_03.png,726,740,818,795,0.7950,92.01,0
frame_000723_fish_04.png,930,826,955,861,0.7605,90.85,0
frame_000724_fish_00.png,802,539,878,620,0.8894,87.04,0
frame_000724_fish_01.png,1131,536,1181,567,0.8793,77.80,0
frame_000724_fish_02.png,671,748,765,791,0.8672,88.72,0
frame_000724_fish_03.png,888,823,963,853,0.8638,90.51,0
frame_000724_fish_04.png,559,604,586,675,0.8445,89.47,0
frame_000725_fish_00.png,623,711,689,783,0.9081,89.54,0
frame_000725_fish_01.png,1136,538,1187,608,0.8994,84.05,0
frame_000725_fish_02.png,742,441,798,513,0.8757,89.80,0
frame_000725_fish_03.png,831,802,895,834,0.7327,85.90,0
frame_000725_fish_04.png,565,525,586,612,0.7111,87.46,0
frame_000725_fish_05.png,823,803,897,864,0.6038,88.09,0
frame_000726_fish_00.png,757,784,825,810,0.8910,77.59,0
frame_000726_fish_01.png,680,364,736,418,0.8845,86.28,0
frame_000726_fish_02.png,1136,587,1163,676,0.8837,83.30,0
frame_000726_fish_03.png,668,764,731,840,0.8728,90.90,0
frame_000726_fish_04.png,564,440,674,604,0.8339,97.85,1
frame_000726_fish_05.png,748,826,827,863,0.7181,88.57,0
frame_000726_fish_06.png,565,438,591,507,0.3422,90.52,0
frame_000726_fish_07.png,565,438,591,535,0.3009,91.59,0
frame_000727_fish_00.png,1097,684,1155,767,0.9051,81.59,0
frame_000727_fish_01.png,752,778,807,808,0.8743,85.61,0
frame_000727_fish_02.png,567,330,593,418,0.8553,82.69,0
frame_000727_fish_03.png,632,339,661,397,0.8481,88.06,0
frame_000728_fish_00.png,729,773,797,801,0.9415,82.10,0
frame_000728_fish_01.png,617,271,652,341,0.8842,84.10,0
frame_000728_fish_02.png,1126,788,1159,823,0.7270,86.86,0
frame_000729_fish_00.png,718,770,779,800,0.8634,86.71,0
frame_000729_fish_01.png,767,817,848,884,0.7769,94.02,0
frame_000729_fish_02.png,1113,790,1160,863,0.7453,89.91,0
frame_000730_fish_00.png,730,728,772,823,0.8800,90.68,0
frame_000730_fish_01.png,1083,793,1128,830,0.8751,86.82,0
frame_000730_fish_02.png,1170,262,1217,336,0.8356,80.38,0
frame_000730_fish_03.png,626,190,665,240,0.8277,84.32,0
frame_000730_fish_04.png,572,122,598,209,0.8193,81.57,0
frame_000731_fish_00.png,698,678,764,746,0.8765,83.41,0
frame_000731_fish_01.png,1147,291,1222,395,0.8724,80.64,0
frame_000731_fish_02.png,1015,799,1099,834,0.7859,89.11,0
frame_000731_fish_03.png,620,180,660,243,0.7650,84.79,0
frame_000731_fish_04.png,571,123,598,206,0.6504,81.07,0
frame_000731_fish_05.png,621,179,662,274,0.5200,89.43,0
frame_000731_fish_06.png,697,678,760,790,0.3199,88.91,0
frame_000731_fish_07.png,783,797,869,838,0.2799,88.62,0
frame_000732_fish_00.png,982,797,1054,833,0.9026,88.96,0
frame_000732_fish_01.png,627,639,703,711,0.8928,81.14,0
frame_000732_fish_02.png,1182,393,1301,451,0.8703,83.47,0
frame_000732_fish_03.png,570,123,598,208,0.7600,82.11,0
frame_000732_fish_04.png,614,163,657,243,0.6992,87.42,0
frame_000732_fish_05.png,613,162,660,275,0.5681,91.12,0
frame_000732_fish_06.png,793,832,826,859,0.3845,90.15,0
frame_000733_fish_00.png,1243,350,1328,436,0.8863,83.52,0
frame_000734_fish_00.png,1149,286,1263,341,0.8757,84.80,0
frame_000734_fish_01.png,642,738,725,799,0.8414,90.40,0
frame_000734_fish_02.png,587,173,656,276,0.8105,91.77,0
frame_000734_fish_03.png,570,124,597,207,0.8037,79.91,0
frame_000734_fish_04.png,589,173,656,234,0.5574,87.39,0
frame_000735_fish_00.png,570,124,597,209,0.8623,80.16,0
frame_000735_fish_01.png,1100,286,1188,339,0.8594,81.99,0
frame_000735_fish_02.png,595,175,664,231,0.7410,89.36,0
frame_000735_fish_03.png,1104,831,1175,864,0.4430,89.98,0
frame_000735_fish_04.png,593,174,663,272,0.4414,93.25,0
frame_000736_fish_00.png,1065,303,1122,446,0.8661,82.07,0
frame_000736_fish_01.png,569,124,597,211,0.8592,81.08,0
frame_000736_fish_02.png,1045,786,1116,832,0.8471,87.26,0
frame_000736_fish_03.png,788,864,831,895,0.6396,90.21,0
frame_000737_fish_00.png,1130,810,1197,844,0.8957,81.83,0
frame_000737_fish_01.png,1072,436,1149,555,0.8923,86.15,0
frame_000737_fish_02.png,811,864,861,899,0.8665,91.85,0
frame_000737_fish_03.png,1334,876,1390,955,0.7523,95.97,0
frame_000737_fish_04.png,569,124,597,213,0.5437,81.24,0
frame_000738_fish_00.png,1145,630,1228,731,0.8989,84.47,0
frame_000738_fish_01.png,1356,712,1394,787,0.8988,80.43,0
frame_000738_fish_02.png,835,833,881,862,0.8718,89.56,0
frame_000738_fish_03.png,1186,773,1224,812,0.8510,80.72,0
frame_000738_fish_04.png,569,124,597,212,0.4242,81.19,0
frame_000739_fish_00.png,1308,734,1371,816,0.9008,81.75,0
frame_000739_fish_01.png,1083,796,1178,831,0.8934,76.44,0
frame_000739_fish_02.png,1212,768,1295,879,0.8829,87.61,0
frame_000739_fish_03.png,855,813,894,845,0.8317,87.98,0
frame_000740_fish_00.png,1024,793,1106,826,0.8875,81.95,0
frame_000740_fish_01.png,1328,857,1401,911,0.8808,93.73,0
frame_000740_fish_02.png,1358,684,1394,740,0.8705,86.38,0
frame_000740_fish_03.png,591,382,617,454,0.7745,87.04,0
frame_000740_fish_04.png,569,124,597,211,0.2742,81.60,0
frame_000741_fish_00.png,1270,743,1363,821,0.9025,88.81,0
frame_000741_fish_01.png,997,778,1048,820,0.8855,85.56,0
frame_000741_fish_02.png,842,801,878,831,0.8740,86.54,0
frame_000741_fish_03.png,578,446,619,504,0.8638,86.29,0
frame_000741_fish_04.png,569,123,597,212,0.2997,81.86,0
frame_000742_fish_00.png,767,786,838,824,0.9064,80.09,0
frame_000742_fish_01.png,1247,848,1324,915,0.8937,83.81,0
frame_000742_fish_02.png,972,799,1036,838,0.8686,88.35,0
frame_000742_fish_03.png,585,497,661,574,0.8685,87.52,0
frame_000742_fish_04.png,1197,906,1290,968,0.8175,95.04,0
frame_000742_fish_05.png,569,123,597,213,0.4133,81.29,0
frame_000743_fish_00.png,720,771,779,832,0.9083,85.20,0
frame_000743_fish_01.png,631,573,712,653,0.8501,82.91,0
frame_000743_fish_02.png,934,812,1011,852,0.8422,91.02,0
frame_000743_fish_03.png,1268,870,1373,942,0.7054,91.31,0
frame_000743_fish_04.png,1267,883,1337,944,0.6637,93.86,0
frame_000743_fish_05.png,569,124,597,213,0.5100,81.46,0
frame_000744_fish_00.png,1261,811,1315,883,0.9063,77.21,0
frame_000744_fish_01.png,704,761,740,824,0.8965,86.69,0
frame_000744_fish_02.png,694,636,769,723,0.8812,82.25,0
frame_000744_fish_03.png,920,812,980,850,0.7905,92.37,0
frame_000744_fish_04.png,569,123,597,211,0.4670,81.12,0
frame_000745_fish_00.png,676,732,722,794,0.9042,81.45,0
frame_000745_fish_01.png,1244,637,1297,763,0.8892,87.83,0
frame_000745_fish_02.png,759,699,797,782,0.8823,79.60,0
frame_000745_fish_03.png,922,802,952,846,0.8599,91.15,0
frame_000745_fish_04.png,1292,818,1354,902,0.7412,86.42,0
frame_000745_fish_05.png,569,122,598,210,0.5239,81.33,0
frame_000745_fish_06.png,1242,637,1297,690,0.4292,85.32,0
frame_000745_fish_07.png,1292,818,1373,915,0.2940,90.12,0
frame_000746_fish_00.png,1212,732,1309,804,0.9042,82.52,0
frame_000746_fish_01.png,671,724,705,750,0.8679,82.96,0
frame_000746_fish_02.png,1275,544,1332,665,0.8353,88.31,0
frame_000746_fish_03.png,723,722,805,842,0.8350,93.45,0
frame_000746_fish_04.png,941,801,995,832,0.8155,86.57,0
frame_000746_fish_05.png,744,793,804,842,0.5743,80.48,0
frame_000746_fish_06.png,568,122,597,212,0.5741,81.88,0
frame_000746_fish_07.png,731,760,805,842,0.3143,89.90,0
frame_000747_fish_00.png,827,832,876,870,0.8947,88.68,0
frame_000747_fish_01.png,1213,641,1240,745,0.8922,84.67,0
frame_000747_fish_02.png,970,783,1046,833,0.8918,90.01,0
frame_000747_fish_03.png,1267,399,1360,512,0.8837,87.31,0
frame_000747_fish_04.png,661,724,690,759,0.8584,87.69,0
frame_000747_fish_05.png,568,123,597,212,0.5561,81.58,0
frame_000748_fish_00.png,1219,581,1298,668,0.9111,88.87,0
frame_000748_fish_01.png,1172,322,1260,447,0.9017,82.08,0
frame_000748_fish_02.png,649,736,681,771,0.8821,78.06,0
frame_000748_fish_03.png,569,123,597,212,0.4829,80.96,0
frame_000749_fish_00.png,1255,614,1331,659,0.8860,79.55,0
frame_000749_fish_01.png,685,744,759,775,0.8717,78.57,0
frame_000749_fish_02.png,1168,226,1219,326,0.8570,85.06,0
frame_000749_fish_03.png,1318,739,1355,810,0.8392,90.53,0
frame_000749_fish_04.png,569,123,598,212,0.5388,81.43,0
frame_000749_fish_05.png,1082,802,1147,837,0.3994,88.09,0
frame_000750_fish_00.png,767,734,831,766,0.8922,77.63,0
frame_000750_fish_01.png,1181,697,1220,762,0.8814,90.45,0
frame_000750_fish_02.png,568,123,597,210,0.7033,81.23,0
frame_000751_fish_00.png,800,748,863,789,0.9098,80.69,0
frame_000751_fish_01.png,1291,573,1318,663,0.7988,87.08,0
frame_000751_fish_02.png,1228,550,1254,616,0.7689,85.15,0
frame_000751_fish_03.png,568,122,597,212,0.6700,81.69,0
frame_000751_fish_04.png,1349,420,1383,476,0.5848,87.74,0
frame_000752_fish_00.png,850,778,909,830,0.8997,87.64,0
frame_000752_fish_01.png,1247,374,1295,472,0.8849,89.35,0
frame_000752_fish_02.png,1192,394,1237,461,0.8831,91.89,0
frame_000752_fish_03.png,1324,308,1379,367,0.8434,88.35,0
frame_000752_fish_04.png,568,122,597,214,0.5438,81.99,0
frame_000752_fish_05.png,1129,854,1189,885,0.4117,92.31,0
frame_000753_fish_00.png,1104,376,1175,433,0.8928,90.75,0
frame_000753_fish_01.png,1158,317,1256,368,0.8819,86.12,0
frame_000753_fish_02.png,1396,170,1443,258,0.8801,92.00,0
frame_000753_fish_03.png,927,809,997,873,0.8743,92.20,0
frame_000753_fish_04.png,1210,852,1281,890,0.8317,90.18,0
frame_000753_fish_05.png,568,122,597,212,0.5798,81.36,0
frame_000754_fish_00.png,1133,302,1221,358,0.9010,86.51,0
frame_000754_fish_01.png,1287,149,1381,197,0.8797,90.05,0
frame_000754_fish_02.png,1022,801,1072,829,0.8720,87.18,0
frame_000754_fish_03.png,1088,424,1119,518,0.8711,79.80,0
frame_000754_fish_04.png,1308,796,1332,840,0.8525,89.29,0
frame_000754_fish_05.png,568,122,598,213,0.4484,82.16,0
frame_000755_fish_00.png,1099,505,1132,596,0.8827,81.43,0
frame_000755_fish_01.png,1271,683,1309,749,0.8787,86.85,0
frame_000755_fish_02.png,1149,333,1240,407,0.8053,86.14,0
frame_000755_fish_03.png,568,122,598,210,0.7290,81.98,0
frame_000755_fish_04.png,1206,207,1309,269,0.6605,84.09,0
frame_000755_fish_05.png,1144,307,1240,407,0.6523,87.49,0
frame_000755_fish_06.png,1143,304,1186,344,0.5123,81.19,0
frame_000755_fish_07.png,1143,304,1206,401,0.3531,86.10,0
frame_000756_fish_00.png,1294,408,1385,485,0.9051,86.81,0
frame_000756_fish_01.png,1039,785,1085,819,0.8701,86.97,0
frame_000756_fish_02.png,1259,539,1280,622,0.8436,80.88,0
frame_000756_fish_03.png,1145,264,1199,355,0.8404,82.45,0
frame_000756_fish_04.png,1111,567,1134,660,0.8002,84.50,0
frame_000756_fish_05.png,570,122,598,210,0.3802,81.36,0
frame_000757_fish_00.png,1357,313,1424,408,0.9061,90.08,0
frame_000757_fish_01.png,1265,512,1348,573,0.8980,84.45,0
frame_000757_fish_02.png,1280,380,1331,447,0.8584,83.68,0
frame_000757_fish_03.png,1140,637,1161,729,0.8250,83.19,0
frame_000757_fish_04.png,1018,790,1046,824,0.7162,88.97,0
frame_000757_fish_05.png,1159,282,1218,314,0.4587,82.77,0
frame_000757_fish_06.png,569,122,598,210,0.3637,81.76,0
frame_000758_fish_00.png,1129,719,1184,802,0.9032,82.36,0
frame_000758_fish_01.png,1272,364,1348,438,0.8840,78.13,0
frame_000758_fish_02.png,1008,773,1035,825,0.8753,86.42,0
frame_000758_fish_03.png,1147,272,1188,366,0.8702,89.00,0
frame_000758_fish_04.png,1382,328,1433,420,0.8686,90.96,0
frame_000758_fish_05.png,1323,540,1358,586,0.8017,88.75,0
frame_000758_fish_06.png,569,122,598,210,0.3383,81.70,0
frame_000759_fish_00.png,1009,750,1057,810,0.9063,87.37,0
frame_000759_fish_01.png,1312,546,1364,585,0.8800,77.03,0
frame_000759_fish_02.png,1150,780,1197,843,0.8784,86.89,0
frame_000759_fish_03.png,1193,425,1240,518,0.8710,92.30,0
frame_000759_fish_04.png,1351,435,1395,517,0.8139,80.77,0
frame_000759_fish_05.png,1411,563,1436,644,0.7972,83.29,0
frame_000759_fish_06.png,569,122,598,211,0.4156,81.66,0
frame_000760_fish_00.png,1213,428,1337,543,0.9077,84.83,0
frame_000760_fish_01.png,1036,731,1068,782,0.8677,87.81,0
frame_000760_fish_02.png,1191,555,1298,592,0.8661,76.64,0
frame_000760_fish_03.png,1304,579,1340,679,0.8635,89.94,0
frame_000760_fish_04.png,1374,799,1401,872,0.6703,87.97,0
frame_000760_fish_05.png,569,122,598,213,0.3861,81.85,0
frame_000761_fish_00.png,1150,343,1259,480,0.9001,85.28,0
frame_000761_fish_01.png,1105,508,1172,588,0.8993,87.21,0
frame_000761_fish_02.png,1325,774,1369,861,0.8931,78.02,0
frame_000761_fish_03.png,1050,718,1068,770,0.8408,84.75,0
frame_000761_fish_04.png,1151,820,1209,852,0.7972,87.80,0
frame_000761_fish_05.png,569,122,598,212,0.4997,81.48,0
frame_000762_fish_00.png,1031,705,1072,762,0.9019,85.18,0
frame_000762_fish_01.png,1241,833,1312,879,0.8910,90.59,0
frame_000762_fish_02.png,1083,464,1141,505,0.8817,77.11,0
frame_000762_fish_03.png,873,214,945,246,0.8522,88.21,0
frame_000762_fish_04.png,1119,377,1183,443,0.8457,79.62,0
frame_000762_fish_05.png,569,122,598,212,0.5063,81.32,0
frame_000763_fish_00.png,1000,698,1066,761,0.9197,87.68,0
frame_000763_fish_01.png,1137,735,1190,782,0.8966,82.46,0
frame_000763_fish_02.png,1094,446,1252,544,0.8925,84.04,0
frame_000763_fish_03.png,569,122,598,211,0.5385,81.26,0
frame_000764_fish_00.png,968,690,1034,754,0.8993,87.57,0
frame_000764_fish_01.png,1136,720,1176,760,0.8983,83.22,0
frame_000764_fish_02.png,1113,477,1208,521,0.8943,74.78,0
frame_000764_fish_03.png,1248,515,1294,615,0.8641,83.43,0
frame_000764_fish_04.png,1290,877,1340,962,0.6105,94.13,0
frame_000764_fish_05.png,569,123,598,211,0.5615,81.24,0
frame_000765_fish_00.png,931,676,995,750,0.9021,86.24,0
frame_000765_fish_01.png,1140,726,1173,767,0.8915,79.89,0
frame_000765_fish_02.png,1145,499,1231,545,0.8724,77.99,0
frame_000765_fish_03.png,1329,787,1363,844,0.8664,91.97,0
frame_000765_fish_04.png,1248,467,1292,599,0.8508,78.96,0
frame_000765_fish_05.png,858,109,909,154,0.7834,88.28,0
frame_000765_fish_06.png,569,122,598,211,0.4732,81.27,0
frame_000766_fish_00.png,1188,661,1254,740,0.9101,82.87,0
frame_000766_fish_01.png,903,665,974,728,0.9011,83.05,0
frame_000766_fish_02.png,1186,387,1280,502,0.8937,84.89,0
frame_000766_fish_03.png,1299,828,1361,874,0.8907,91.24,0
frame_000766_fish_04.png,1181,508,1246,549,0.8870,78.91,0
frame_000766_fish_05.png,1348,675,1378,730,0.8684,86.47,0
frame_000766_fish_06.png,569,122,598,211,0.5226,81.18,0
frame_000767_fish_00.png,1345,650,1419,713,0.9064,89.01,0
frame_000767_fish_01.png,1241,605,1309,664,0.9017,81.14,0
frame_000767_fish_02.png,884,668,953,712,0.8983,79.23,0
frame_000767_fish_03.png,1199,510,1289,589,0.8902,85.92,0
frame_000767_fish_04.png,1330,737,1364,810,0.8765,76.95,0
frame_000767_fish_05.png,1122,332,1219,389,0.8455,83.37,0
frame_000767_fish_06.png,570,121,598,209,0.6531,80.17,0
frame_000768_fish_00.png,1083,345,1172,415,0.8981,76.79,0
frame_000768_fish_01.png,1337,617,1381,677,0.8607,80.04,0
frame_000768_fish_02.png,884,692,916,729,0.8374,80.94,0
frame_000768_fish_03.png,1251,563,1353,633,0.7709,78.97,0
frame_000768_fish_04.png,1427,438,1456,505,0.7547,79.66,0
frame_000768_fish_05.png,883,100,930,194,0.6855,89.55,0
frame_000768_fish_06.png,1283,562,1353,637,0.6311,76.28,0
frame_000768_fish_07.png,570,121,599,210,0.5762,80.89,0
frame_000769_fish_00.png,879,719,943,760,0.8988,78.84,0
frame_000769_fish_01.png,1151,578,1218,626,0.8975,75.45,0
frame_000769_fish_02.png,1162,373,1304,444,0.8881,77.58,0
frame_000769_fish_03.png,1299,409,1343,513,0.8780,79.81,0
frame_000769_fish_04.png,1410,331,1447,423,0.8701,86.10,0
frame_000769_fish_05.png,1350,473,1390,559,0.8661,80.41,0
frame_000769_fish_06.png,570,121,598,210,0.7069,80.33,0
frame_000770_fish_00.png,921,714,954,759,0.9046,80.71,0
frame_000770_fish_01.png,1015,515,1103,570,0.8950,86.36,0
frame_000770_fish_02.png,1297,334,1352,389,0.8873,87.89,0
frame_000770_fish_03.png,1237,461,1370,531,0.8844,76.99,0
frame_000770_fish_04.png,1386,569,1421,639,0.8476,84.31,0
frame_000770_fish_05.png,569,121,598,211,0.5910,81.11,0
frame_000771_fish_00.png,905,435,973,495,0.9063,82.85,0
frame_000771_fish_01.png,926,717,965,766,0.8984,83.02,0
frame_000771_fish_02.png,1327,665,1375,714,0.8876,88.42,0
frame_000771_fish_03.png,1347,527,1379,600,0.8178,87.35,0
frame_000771_fish_04.png,1052,288,1118,331,0.7353,89.03,0
frame_000771_fish_05.png,1399,545,1420,628,0.7189,83.15,0
frame_000771_fish_06.png,1260,326,1300,377,0.6362,85.81,0
frame_000771_fish_07.png,569,122,598,211,0.5066,81.25,0
frame_000772_fish_00.png,936,719,1005,767,0.8989,81.36,0
frame_000772_fish_01.png,1277,452,1376,567,0.8836,84.92,0
frame_000772_fish_02.png,870,330,913,389,0.8825,80.99,0
frame_000772_fish_03.png,1129,299,1161,400,0.8552,86.05,0
frame_000772_fish_04.png,1372,753,1395,822,0.8088,86.44,0
frame_000772_fish_05.png,569,121,598,212,0.5155,81.32,0
frame_000772_fish_06.png,1266,359,1304,393,0.5081,84.22,0
frame_000773_fish_00.png,974,701,1035,770,0.9138,87.79,0
frame_000773_fish_01.png,1071,355,1130,450,0.8957,91.14,0
frame_000773_fish_02.png,1181,314,1259,369,0.8872,91.69,0
frame_000773_fish_03.png,827,321,868,357,0.8671,86.68,0
frame_000773_fish_04.png,1234,179,1284,307,0.8470,88.47,0
frame_000773_fish_05.png,570,121,598,211,0.3833,80.74,0
frame_000774_fish_00.png,1002,690,1064,737,0.8971,87.30,0
frame_000774_fish_01.png,1086,360,1171,482,0.8728,90.70,0
frame_000774_fish_02.png,1216,138,1328,231,0.6357,92.61,0
frame_000774_fish_03.png,569,122,598,212,0.4583,81.24,0
frame_000774_fish_04.png,748,266,795,350,0.3496,96.18,1
frame_000775_fish_00.png,1044,701,1103,731,0.9291,81.66,0
frame_000775_fish_01.png,1078,418,1163,550,0.8704,91.63,0
frame_000775_fish_02.png,569,121,598,208,0.6990,79.90,0
frame_000776_fish_00.png,1134,660,1190,732,0.9033,81.30,0
frame_000776_fish_01.png,1085,718,1134,750,0.8895,79.35,0
frame_000776_fish_02.png,1070,438,1172,465,0.8801,79.26,0
frame_000776_fish_03.png,1369,654,1391,727,0.8550,82.13,0
frame_000776_fish_04.png,569,121,598,209,0.6195,80.15,0
frame_000777_fish_00.png,1045,401,1145,450,0.8957,88.67,0
frame_000777_fish_01.png,1386,473,1426,555,0.8802,85.02,0
frame_000777_fish_02.png,1256,861,1309,936,0.8690,92.97,0
frame_000777_fish_03.png,1084,270,1182,338,0.8669,75.96,0
frame_000777_fish_04.png,569,121,598,210,0.6351,80.47,0
frame_000778_fish_00.png,1164,315,1276,433,0.8944,85.77,0
frame_000778_fish_01.png,1017,372,1090,438,0.8936,90.54,0
frame_000778_fish_02.png,1400,266,1458,335,0.8920,86.14,0
frame_000778_fish_03.png,1296,847,1326,883,0.8916,87.88,0
frame_000778_fish_04.png,1103,800,1150,842,0.8895,78.67,0
frame_000778_fish_05.png,569,121,598,209,0.5844,80.38,0
frame_000779_fish_00.png,1388,157,1456,258,0.9063,94.39,0
frame_000779_fish_01.png,1257,759,1335,819,0.9046,84.01,0
frame_000779_fish_02.png,1022,352,1077,443,0.8902,91.10,0
frame_000779_fish_03.png,1070,822,1127,863,0.8859,86.31,0
frame_000779_fish_04.png,1264,470,1294,583,0.8277,81.99,0
frame_000779_fish_05.png,569,122,598,209,0.5968,80.31,0
frame_000780_fish_00.png,1228,615,1308,715,0.9081,89.21,0
frame_000780_fish_01.png,1147,727,1232,760,0.8992,82.09,0
frame_000780_fish_02.png,1051,365,1084,463,0.8865,86.30,0
frame_000780_fish_03.png,1348,833,1387,895,0.8670,82.11,0
frame_000780_fish_04.png,1060,793,1097,842,0.8601,88.49,0
frame_000780_fish_05.png,569,122,598,211,0.5427,80.79,0
frame_000781_fish_00.png,991,665,1066,715,0.8966,92.11,0
frame_000781_fish_01.png,1107,649,1195,766,0.8956,83.94,0
frame_000781_fish_02.png,1292,780,1382,825,0.8953,78.73,0
frame_000781_fish_03.png,1060,406,1132,486,0.8940,92.55,0
frame_000781_fish_04.png,1354,170,1411,225,0.8290,90.72,0
frame_000781_fish_05.png,569,122,598,212,0.5816,80.81,0
frame_000782_fish_00.png,1203,618,1264,709,0.9082,90.29,0
frame_000782_fish_01.png,1369,111,1455,185,0.9003,93.31,0
frame_000782_fish_02.png,1062,812,1100,840,0.8839,83.97,0
frame_000782_fish_03.png,936,652,982,725,0.8827,92.42,0
frame_000782_fish_04.png,1062,346,1138,471,0.8793,84.08,0
frame_000782_fish_05.png,569,122,599,210,0.6496,81.05,0
frame_000783_fish_00.png,1325,87,1421,155,0.8895,93.19,0
frame_000783_fish_01.png,1125,430,1175,536,0.8854,87.59,0
frame_000783_fish_02.png,911,699,936,786,0.8807,82.45,0
frame_000783_fish_03.png,1071,808,1090,859,0.8312,82.99,0
frame_000783_fish_04.png,734,272,761,332,0.7236,85.50,0
frame_000783_fish_05.png,569,122,598,211,0.6290,80.73,0
frame_000784_fish_00.png,892,761,962,829,0.9108,88.84,0
frame_000784_fish_01.png,1302,113,1390,180,0.9096,91.56,0
frame_000784_fish_02.png,1120,381,1152,478,0.8746,88.84,0
frame_000784_fish_03.png,730,282,762,341,0.8553,84.35,0
frame_000784_fish_04.png,1053,774,1074,841,0.8327,85.13,0
frame_000784_fish_05.png,569,122,598,211,0.6113,80.88,0
frame_000785_fish_00.png,1038,743,1069,812,0.8987,88.81,0
frame_000785_fish_01.png,1127,336,1174,437,0.8782,90.56,0
frame_000785_fish_02.png,947,781,1007,839,0.8777,90.45,0
frame_000785_fish_03.png,1262,94,1352,179,0.8767,91.83,0
frame_000785_fish_04.png,569,122,598,210,0.5829,80.63,0
frame_000786_fish_00.png,1035,733,1089,799,0.8962,85.98,0
frame_000786_fish_01.png,982,784,1044,825,0.8927,87.56,0
frame_000786_fish_02.png,1165,320,1253,384,0.8919,84.55,0
frame_000786_fish_03.png,1276,115,1374,155,0.8642,89.44,0
frame_000786_fish_04.png,569,122,598,209,0.6398,80.31,0
frame_000786_fish_05.png,724,265,760,333,0.5970,91.59,0
frame_000787_fish_00.png,927,765,1006,797,0.9100,87.74,0
frame_000787_fish_01.png,1058,683,1101,760,0.8983,85.71,0
frame_000787_fish_02.png,568,123,597,210,0.7405,80.35,0
frame_000787_fish_03.png,1401,186,1427,293,0.7196,89.66,0
frame_000788_fish_00.png,1056,652,1092,728,0.9000,83.72,0
frame_000788_fish_01.png,887,783,967,817,0.8324,89.92,0
frame_000788_fish_02.png,568,124,598,211,0.8244,80.86,0
frame_000788_fish_03.png,1392,631,1414,711,0.7949,85.23,0
frame_000789_fish_00.png,847,798,932,830,0.8548,89.20,0
frame_000789_fish_01.png,567,125,598,210,0.8329,80.86,0
frame_000789_fish_02.png,1048,625,1069,697,0.8168,84.61,0
frame_000790_fish_00.png,1022,609,1053,672,0.8651,91.01,0
frame_000790_fish_01.png,831,790,906,823,0.8407,88.66,0
frame_000790_fish_02.png,567,123,598,210,0.8336,81.22,0
frame_000791_fish_00.png,987,589,1036,656,0.9245,89.00,0
frame_000791_fish_01.png,729,283,762,345,0.8706,82.98,0
frame_000791_fish_02.png,566,124,597,209,0.8513,80.97,0
frame_000791_fish_03.png,1302,795,1356,859,0.8508,92.78,0
frame_000791_fish_04.png,824,793,897,829,0.3425,89.63,0
frame_000792_fish_00.png,935,583,1011,627,0.8925,83.80,0
frame_000792_fish_01.png,1315,617,1368,685,0.8868,81.18,0
frame_000792_fish_02.png,567,123,598,211,0.8757,81.30,0
frame_000792_fish_03.png,735,276,760,354,0.6981,84.67,0
frame_000793_fish_00.png,1327,497,1384,559,0.9068,83.23,0
frame_000793_fish_01.png,884,590,967,619,0.8930,72.25,0
frame_000793_fish_02.png,567,123,597,211,0.8262,81.14,0
frame_000793_fish_03.png,769,277,851,318,0.8223,90.54,0
frame_000794_fish_00.png,790,785,859,817,0.9189,86.97,0
frame_000794_fish_01.png,857,602,930,631,0.8762,74.78,0
frame_000794_fish_02.png,1335,392,1368,482,0.8504,82.41,0
frame_000794_fish_03.png,567,123,597,210,0.7964,80.95,0
frame_000794_fish_04.png,730,304,760,367,0.4632,86.96,0
frame_000795_fish_00.png,769,766,838,807,0.8674,89.10,0
frame_000795_fish_01.png,1339,311,1397,357,0.8600,85.48,0
frame_000795_fish_02.png,567,123,597,210,0.8106,80.86,0
frame_000795_fish_03.png,868,560,887,626,0.4147,85.05,0
frame_000796_fish_00.png,1399,153,1443,253,0.8753,93.53,0
frame_000796_fish_01.png,878,531,903,607,0.8740,80.24,0
frame_000796_fish_02.png,567,123,598,211,0.8172,81.27,0
frame_000796_fish_03.png,719,733,791,792,0.7714,92.17,0
frame_000796_fish_04.png,721,751,790,793,0.7254,90.31,0
frame_000796_fish_05.png,866,171,935,211,0.6850,89.31,0
frame_000796_fish_06.png,733,309,758,377,0.5930,86.11,0
frame_000797_fish_00.png,888,508,925,583,0.8942,83.53,0
frame_000797_fish_01.png,1186,241,1263,302,0.8904,78.01,0
frame_000797_fish_02.png,698,729,756,789,0.8895,90.83,0
frame_000797_fish_03.png,1347,442,1394,542,0.8419,91.01,0
frame_000797_fish_04.png,567,123,597,210,0.8136,80.74,0
frame_000797_fish_05.png,739,311,764,416,0.3346,90.66,0
frame_000797_fish_06.png,895,166,936,240,0.2810,81.57,0
frame_000798_fish_00.png,898,493,1018,555,0.9050,80.44,0
frame_000798_fish_01.png,1267,618,1369,665,0.9024,82.11,0
frame_000798_fish_02.png,688,726,755,789,0.8902,90.85,0
frame_000798_fish_03.png,1108,284,1201,347,0.8895,75.54,0
frame_000798_fish_04.png,567,124,598,210,0.7963,81.02,0
frame_000798_fish_05.png,733,314,764,403,0.6450,92.05,0
frame_000798_fish_06.png,896,170,939,242,0.3474,81.86,0
frame_000799_fish_00.png,1107,611,1197,668,0.9067,84.56,0
frame_000799_fish_01.png,633,477,706,536,0.8895,83.77,0
frame_000799_fish_02.png,917,504,983,541,0.8829,77.97,0
frame_000799_fish_03.png,711,360,759,424,0.8549,90.38,0
frame_000799_fish_04.png,567,123,597,210,0.8002,80.70,0
frame_000799_fish_05.png,1010,279,1104,351,0.6690,88.92,0
frame_000799_fish_06.png,882,170,939,247,0.5944,86.42,0
frame_000799_fish_07.png,633,732,701,771,0.4014,87.83,0
frame_000800_fish_00.png,956,560,1039,602,0.8974,81.31,0
frame_000800_fish_01.png,935,455,975,511,0.8940,77.81,0
frame_000800_fish_02.png,687,364,755,433,0.8825,91.15,0
frame_000800_fish_03.png,705,436,820,481,0.8766,82.68,0
frame_000800_fish_04.png,605,710,667,749,0.8602,87.44,0
frame_000800_fish_05.png,567,123,597,212,0.7852,80.87,0
frame_000800_fish_06.png,773,257,858,303,0.4837,92.36,0
frame_000801_fish_00.png,965,544,1038,594,0.9112,76.31,0
frame_000801_fish_01.png,911,405,967,476,0.9063,81.28,0
frame_000801_fish_02.png,983,382,1102,426,0.8761,80.77,0
frame_000801_fish_03.png,858,149,965,217,0.8717,86.35,0
frame_000801_fish_04.png,567,122,598,211,0.8514,81.14,0
frame_000801_fish_05.png,696,358,728,433,0.8503,88.12,0
frame_000801_fish_06.png,749,254,819,304,0.8422,90.33,0
frame_000802_fish_00.png,898,391,960,462,0.9109,82.95,0
frame_000802_fish_01.png,1198,407,1302,495,0.8984,86.33,0
frame_000802_fish_02.png,1271,291,1366,381,0.8862,92.49,0
frame_000802_fish_03.png,742,268,817,321,0.8678,87.35,0
frame_000802_fish_04.png,690,377,744,412,0.8430,82.58,0
frame_000802_fish_05.png,567,123,598,211,0.7788,81.34,0
frame_000803_fish_00.png,775,250,859,337,0.8923,90.57,0
frame_000803_fish_01.png,857,422,939,469,0.8804,80.52,0
frame_000803_fish_02.png,1351,433,1424,517,0.8799,87.37,0
frame_000803_fish_03.png,1298,225,1399,263,0.8738,86.43,0
frame_000803_fish_04.png,699,349,761,389,0.8272,87.89,0
frame_000803_fish_05.png,568,122,598,210,0.7825,80.64,0
frame_000803_fish_06.png,622,774,657,803,0.5611,88.73,0
frame_000804_fish_00.png,791,473,847,510,0.9018,87.68,0
frame_000804_fish_01.png,1326,618,1384,679,0.9011,82.21,0
frame_000804_fish_02.png,1095,324,1222,403,0.8860,78.43,0
frame_000804_fish_03.png,1348,443,1413,546,0.8734,88.23,0
frame_000804_fish_04.png,665,767,750,804,0.8535,88.90,0
frame_000804_fish_05.png,692,325,754,370,0.8245,89.51,0
frame_000804_fish_06.png,568,122,598,210,0.7643,80.60,0
frame_000804_fish_07.png,813,228,885,322,0.5647,93.02,0
frame_000805_fish_00.png,1216,788,1252,851,0.9011,84.41,0
frame_000805_fish_01.png,1200,391,1333,462,0.8936,78.71,0
frame_000805_fish_02.png,567,122,598,210,0.8322,80.92,0
frame_000805_fish_03.png,723,732,787,795,0.7517,94.45,0
frame_000805_fish_04.png,830,221,924,266,0.7037,91.84,0
frame_000805_fish_05.png,727,753,787,795,0.2903,92.31,0
frame_000806_fish_00.png,755,525,777,574,0.8160,92.67,0
frame_000806_fish_01.png,568,123,598,212,0.7699,80.85,0
frame_000806_fish_02.png,1314,378,1378,447,0.7452,90.40,0
frame_000806_fish_03.png,1385,846,1410,887,0.5506,91.44,0
frame_000807_fish_00.png,1172,817,1238,869,0.9061,90.40,0
frame_000807_fish_01.png,1263,398,1366,463,0.9017,76.44,0
frame_000807_fish_02.png,829,744,893,781,0.8861,86.20,0
frame_000807_fish_03.png,738,531,778,568,0.8676,83.91,0
frame_000807_fish_04.png,568,122,598,210,0.7863,80.57,0
frame_000808_fish_00.png,866,701,918,764,0.8950,93.43,0
frame_000808_fish_01.png,959,306,1094,359,0.8789,82.69,0
frame_000808_fish_02.png,568,122,598,211,0.7793,80.85,0
frame_000808_fish_03.png,749,542,769,597,0.3831,82.26,0
frame_000809_fish_00.png,1077,694,1160,743,0.8856,88.77,0
frame_000809_fish_01.png,882,681,936,720,0.8819,87.23,0
frame_000809_fish_02.png,751,576,809,614,0.8745,79.34,0
frame_000809_fish_03.png,567,122,597,211,0.8360,80.87,0
frame_000810_fish_00.png,968,534,1039,612,0.9074,92.30,0
frame_000810_fish_01.png,567,122,598,210,0.8854,81.06,0
frame_000810_fish_02.png,766,587,843,621,0.8648,77.49,0
frame_000810_fish_03.png,868,685,890,760,0.8375,84.39,0
frame_000810_fish_04.png,683,113,751,147,0.7782,88.26,0
frame_000810_fish_05.png,841,140,912,265,0.7712,84.71,0
frame_000811_fish_00.png,914,464,997,518,0.9050,90.78,0
frame_000811_fish_01.png,567,122,598,210,0.8927,81.10,0
frame_000811_fish_02.png,877,760,910,820,0.8917,88.50,0
frame_000811_fish_03.png,809,589,880,637,0.8870,79.26,0
frame_000811_fish_04.png,1305,859,1360,906,0.8462,93.00,0
frame_000811_fish_05.png,863,123,950,169,0.6198,88.17,0
frame_000812_fish_00.png,567,122,598,211,0.8964,81.25,0
frame_000812_fish_01.png,917,422,1008,465,0.8871,91.18,0
frame_000812_fish_02.png,890,654,959,714,0.8749,83.63,0
frame_000812_fish_03.png,913,803,998,841,0.8604,88.08,0
frame_000812_fish_04.png,1365,797,1393,867,0.7024,87.77,0
frame_000813_fish_00.png,937,716,1020,749,0.8936,78.91,0
frame_000813_fish_01.png,568,122,598,211,0.8871,80.84,0
frame_000813_fish_02.png,624,305,679,360,0.8791,86.19,0
frame_000813_fish_03.png,1041,433,1141,475,0.8704,87.79,0
frame_000813_fish_04.png,1005,767,1057,802,0.8589,85.79,0
frame_000813_fish_05.png,1386,565,1418,661,0.8346,84.93,0
frame_000813_fish_06.png,616,96,672,186,0.5808,93.02,0
frame_000814_fish_00.png,1229,465,1307,500,0.8923,86.77,0
frame_000814_fish_01.png,1421,316,1454,385,0.8894,85.63,0
frame_000814_fish_02.png,1008,690,1037,747,0.8848,87.96,0
frame_000814_fish_03.png,1053,333,1183,428,0.8818,87.26,0
frame_000814_fish_04.png,604,250,662,327,0.8808,87.48,0
frame_000814_fish_05.png,1060,738,1091,780,0.8204,85.20,0
frame_000814_fish_06.png,568,123,597,209,0.7984,80.31,0
frame_000814_fish_07.png,593,101,680,185,0.7823,94.69,0
frame_000815_fish_00.png,1374,204,1453,288,0.9029,93.25,0
frame_000815_fish_01.png,1277,433,1423,492,0.8985,78.80,0
frame_000815_fish_02.png,1095,695,1148,735,0.8894,78.92,0
frame_000815_fish_03.png,1364,600,1404,710,0.8821,89.71,0
frame_000815_fish_04.png,568,122,598,210,0.8751,80.36,0
frame_000815_fish_05.png,586,196,626,283,0.8644,91.73,0
frame_000815_fish_06.png,1022,648,1040,715,0.8337,87.13,0
frame_000815_fish_07.png,676,99,748,144,0.2891,93.18,0
frame_000816_fish_00.png,1000,618,1047,686,0.9140,88.64,0
frame_000816_fish_01.png,1290,750,1362,808,0.9037,84.75,0
frame_000816_fish_02.png,1151,613,1193,699,0.8995,91.84,0
frame_000816_fish_03.png,567,122,598,211,0.8640,81.86,0
frame_000816_fish_04.png,587,223,632,275,0.7872,91.52,0
frame_000816_fish_05.png,1342,369,1439,481,0.7789,83.60,0
frame_000817_fish_00.png,998,606,1047,672,0.9104,85.88,0
frame_000817_fish_01.png,1221,791,1324,836,0.9007,78.13,0
frame_000817_fish_02.png,1335,395,1427,469,0.8879,79.13,0
frame_000817_fish_03.png,632,287,699,336,0.8823,87.80,0
frame_000817_fish_04.png,1193,530,1220,620,0.8742,83.75,0
frame_000817_fish_05.png,1398,661,1428,751,0.8182,85.56,0
frame_000817_fish_06.png,567,123,597,210,0.7550,81.20,0
frame_000818_fish_00.png,977,617,1031,676,0.9059,86.70,0
frame_000818_fish_01.png,1071,459,1144,526,0.9033,93.77,0
frame_000818_fish_02.png,1171,794,1237,842,0.8945,78.59,0
frame_000818_fish_03.png,1199,485,1325,558,0.8932,80.45,0
frame_000818_fish_04.png,698,308,782,346,0.8712,81.20,0
frame_000818_fish_05.png,568,123,597,210,0.7207,80.92,0
frame_000819_fish_00.png,1045,521,1154,605,0.9182,83.41,0
frame_000819_fish_01.png,962,644,1022,700,0.9096,83.65,0
frame_000819_fish_02.png,1121,750,1191,803,0.9022,81.67,0
frame_000819_fish_03.png,1035,340,1063,429,0.8553,87.55,0
frame_000819_fish_04.png,568,123,597,211,0.8472,80.81,0
frame_000819_fish_05.png,750,304,853,349,0.8345,80.95,0
frame_000820_fish_00.png,1097,503,1139,597,0.8909,85.97,0
frame_000820_fish_01.png,944,682,1029,730,0.8895,83.55,0
frame_000820_fish_02.png,567,123,598,211,0.8676,81.78,0
frame_000820_fish_03.png,1064,577,1105,659,0.8550,89.40,0
frame_000821_fish_00.png,971,691,1016,761,0.9166,88.93,0
frame_000821_fish_01.png,1060,429,1101,518,0.8973,84.10,0
frame_000821_fish_02.png,1086,680,1130,721,0.8930,85.01,0
frame_000821_fish_03.png,568,123,597,212,0.8884,81.17,0
frame_000821_fish_04.png,1312,759,1357,804,0.6854,91.85,0
frame_000822_fish_00.png,955,693,1020,761,0.9082,86.51,0
frame_000822_fish_01.png,1020,694,1108,732,0.8784,80.12,0
frame_000822_fish_02.png,1298,773,1356,813,0.8690,83.80,0
frame_000822_fish_03.png,567,122,597,211,0.8589,81.30,0
frame_000822_fish_04.png,689,136,807,193,0.8381,84.43,0
frame_000823_fish_00.png,984,701,1046,768,0.9171,88.58,0
frame_000823_fish_01.png,1330,668,1383,752,0.9083,84.57,0
frame_000823_fish_02.png,943,622,1021,682,0.9075,84.47,0
frame_000823_fish_03.png,1134,473,1199,561,0.8973,89.13,0
frame_000823_fish_04.png,567,123,597,213,0.8142,81.54,0
frame_000823_fish_05.png,1399,669,1440,734,0.6847,88.21,0
